727224297290722_1626338674045942,"《展現國民外交軟實力─
留學生遊台車遭竊，帥氣暖警速找回 》就讀國立暨南大學的史瓦濟蘭籍石姓留學生，於日前將機車停放於高雄市岡山區時，竟遭不明竊嫌偷走，因該部機車為石男在台唯一交通工具，當時心急如焚地至岡山分局報案並希望警方能及時尋回車輛，所幸在一個禮拜內就由楠梓分局加昌派出所員警尋獲，讓石男感佩台灣警方的辦案效率及認真態度。經了解，石男來自非洲南部的史瓦濟蘭，遠渡重洋來台就讀國立暨南大學，趁暑假之際從南投騎機車至高雄市岡山找女友，沒想到機車就此失竊。當時人在南投的石先生接到員警電話通知，得知失竊車輛被警方尋回時，非常開心搭車趕到楠梓來認車，頻頻讚許台灣警察的認真工作態度。加昌派出所所長呼籲民眾，若有發現可疑汽機車可直接與警方聯繫到場確認，促進警民共同維護治安，也再次宣導汽機車務必將鑰匙保管好並注意上鎖和停放位置，減少失竊機會。",20170816,44,1,0

727224297290722_1624515347561608,"《失智翁迷途又丟車，右昌警助人車平安返家》
楠梓分局右昌派出所於日前接獲通報，有位迷途老人坐於轄區精品百貨前，員警抵達現場後發現一名老伯伯，疑有失智現象無法詳述姓名，也不知親人電話和家中地址。經員警細心詢問並檢視老伯伯身上，發現有駕照及手機，便先行聯絡家屬到場，等候期間員警提供杯水及簡單茶點供其食用，惟老伯伯此時喃喃自語稱「機車不見了、機車不見了…」，而家屬到場之際亦告知警方父親出門時確有騎乘機車，警員及實習生便立即在附近找尋，最後終於在6、700公尺外路口發現老伯伯所騎乘之機車。家屬對於警方主動積極協助老伯伯聯繫家人及協尋車輛之舉動十分感激，頻頻表示謝意。楠梓警分局表示，如果家中有失智或是記憶力較不好之老人，可以去申請配戴愛心手鍊，上面會有姓名以及家屬聯絡電話等等資訊，也好方便善心人士、警方可以在第一時間安全的讓老人家回家，避免在外面發生危險!",20170814,71,1,1

727224297290722_1619974471349029,"刑事局公布最新民眾通報高風險賣場（7/31-8/6）※歹徒行騙的SOP：
1.核對網購商品、日期及金額。
2.通知因內部作業疏失，誤設定成分期付款、團購、批發商等。
3.會有自稱郵局或銀行客服來電協助。
4.要求前往操作ATM取消設定。
萬一聽從指示，辛苦的血汗錢就會被領走....※近來臉書廣告購物詐騙層出不窮，只要看到「低於市價的商品」和「只有貨到付款的方式」，就很有可能是詐騙，切勿在該廣告購物，避免受騙。",20170809,6,0,0

727224297290722_1614164251930051,"《毛小孩遭抱走警細心找回 一家團圓又親又抱》日前一為民眾至右昌派出所報案，請求警方協尋他的愛犬莉莉，稱其愛犬在他帶著外出散步時不慎走失了，經警方調閱監視器發現有一對夫婦疑似將該犬載走，最後循線至該對夫婦住處找到該馬爾濟斯寵物犬，讓毛小孩重新回到主人身邊。本案警方獲報後，即根據毛小孩主人所陳述之時間、地點，調閱相關路段監視器，發現一對夫婦騎駛重機車行經該巷弄，機車腳踏板上有一隻犬隻，其特徵與王男所飼養的馬爾濟斯犬十分相似，於是循線至該對夫妻住處探查，該對夫妻辯稱是該犬主動跳到車上讓他們載走，惟經警方告知該毛小孩主人相當著急難過，該對夫妻才承認是他們擅自載走該犬隻，警方隨即通知飼主領回，飼主獲悉愛犬已尋獲相當興奮，全家人都到派出所內一同迎接失散將近一個月的愛犬莉莉，見到莉莉時飼主小孩又抱又親的畫面讓人相當感動及欣慰，也讓警方覺得一切辛苦都值得，最後該對夫婦於偵訊後，依竊盜罪嫌函送橋頭地檢署偵辦。",20170803,18,1,0

727224297290722_1614013155278494,"父親節快到囉~
上網購物送禮要小心遇上假賣家~
切記以下4個網路購物詐騙徵象：
1.商品售價低於市價太多
2.賣方堅持私下交易
3.賣方不提供聯絡地址或電話等資訊
4.交易方式""只""能貨到付款https://www.facebook.com/165bear/posts/1554075777985250",20170803,6,0,0

727224297290722_1613038582042618,"接到來電這樣說👂：
→內部作業疏失，誤將您先前的訂單設成分期付款（批發商、團購）……
→請您提供常用之銀行或郵局金融卡背面的客服電話……
→要求操作ATM解除設定，時間過晚上12點就會開始扣款……上面這些都是詐騙集團常用的話術，千萬別去操作ATM‼️總之，千騙萬騙總是離不開ATM
對於ATM要小心應對
#106年楠梓分局青春專案反詐騙宣導",20170802,16,0,0

727224297290722_1612153898797753,"《楠警社區治安宣導團出擊 暑期走入社區與民有約 》由於適逢暑假期間，楠梓警分局特別針對楠梓區錦屏里、建昌里、東寧里、享平里、翠屏里、宏昌里等地居民，舉辦5場社區治安會議，歷經近1個月，各轄區里長及轄民約350餘人熱情參與踴躍出席。會議中除向民眾宣導本年度「暑期保護青少年-青春專案」實施期程，自6月1日起至8月31日止，暑假期間青少年在外活動頻率升高，容易涉足不當場所，發生暴力、吸毒、危險駕車等偏差行為或成為犯罪被害人，為強化青少年自我保護意識，希望民眾能在暑假期間告知少年學子應遠離危害，以預防偏差行為及被害，並鼓勵青少年積極參與暑期各項體能、休閒及知識學習活動，以維護青少年身心健全發展。楠梓警分局社區治安宣導團隊，在各治安會議中傾聽民意，回應民眾治安需求及交換建言，提供優質警政諮詢服務，加強警民關係緊密連結相互回饋，於會議尾聲時舉辦有獎徵答活動，送出精美禮品，拉近與里民間距離，使雙方互動歡樂。",20170801,25,0,0

727224297290722_1608266095853200,"不肖業者常以投資為由，推銷靈骨塔買賣，並以「可獲利數倍」等話術誘騙民眾買賣，並收取手續費牟利，結果造成民眾受騙財損且多遭套牢。
因此建議民眾，靈骨塔仲介買賣，不要以投資獲利的心態購買，並應確認是否為政府立案的合法業者，不任意交付財物，小心查證才能避免受害。
《本圖文與 #趨勢科技 #TrendMicro 共同宣導》
來源：165",20170728,12,0,0

727224297290722_1607414212605055,"《胖胖毛小孩闖路口遭撞 楠梓暖警跨區急送醫》於日前民眾報案表示有一隻黃金獵犬遭車輛撞傷，線上巡邏員警獲報後隨即前往現場管制交通。經警方初步瞭解，一名男子駕駛自小客車行駛於楠梓新路上時，忽見一隻狗從路口衝出，因事發突然不及煞車反應，狗遭撞擊後癱坐於巷口不動，經警方通知交通隊到場並對駕駛實施酒測，無飲酒反應，且依照路權劃分，遭撞狗兒與飼主需負擔全部肇責，駕駛因心疼狗兒並未對其指責。警方聯繫飼主到場，原欲招攬計程車送往夜間動物醫院，惟計程車到場後表示不願載送受傷動物，楠梓派出所所長現場見飼主著急如焚，秉持服務民眾精神，聯繫楠梓地區夜間動物醫院皆未有營業，直到聯繫到位於三民區大豐二路某動物醫院有夜間服務，遂將受傷黃金獵犬(31公斤)抬至巡邏車上，會同飼主開車前往醫院。飼主對警方熱心服務精神及愛護動物生命行為深表感謝。楠梓派出所所長提醒各位毛小孩主人，務必將自家毛小孩照顧好，避免在外遊蕩發生意外事故。",20170727,42,1,0

727224297290722_1606138386065971,"《民眾不慎遺失手機 細心暖警尋獲》楠梓派出所員警於日前擔服巡邏勤務時，接獲民眾報案表示手機不慎遺失，向警方求助，因當天該民眾是從北部下來南部實習的第一天，在楠梓地區並沒有認識的朋友或者家人，因此不知所措。員警瞭解後隨即利用手機APP程式協助尋找其手機遺失之位置，最終查出其手機遺失位置，立刻以巡邏車載許民至顯示地點周遭尋找，不久隨即在路邊尋獲其之手機，該民尋獲手機後頻頻向警方致謝，大讚員警熱心助民的服務態度。
　　楠梓派出所所長亦呼籲民眾應隨時留意自身財務，手機、錢包等貴重物品切勿放置機車前方置物箱內，以免於行車時不慎遺落，造成財物損失。",20170726,27,0,0

727224297290722_1604256206254189,"近期多起假冒機關詐騙，警方呼籲公務機關不會要求民眾領錢交付或匯款，也沒有所謂的「監管帳戶」，更不會要求民眾當面交付金錢給檢警，只要在電話中提到人頭帳戶、身分冒用、健保局催繳健保費等關鍵字，就要提高警覺，有任何與詐騙相關的問題，都歡迎撥打165反詐騙諮詢專線查證。
#楠梓分局106年青春專案宣導",20170724,20,1,0

727224297290722_1604256012920875,"#網路直播拍賣 最近正夯，越來越多民眾加入FB直播拍賣行列，詐騙集團亦潛入網路直播賣場進行詐騙，#有些詐騙集團假扮網路直播賣場，在民眾得標匯款後人間蒸發；有些則是觀察拍賣得標買家帳號後，將顯示圖片及名稱更換成商家名稱，#以助理的名義私訊買家變更匯款方式或匯款帳號，俟被害人付款後再封鎖帳號，讓被害人所求無門。大家一起念一遍順口溜，慎防網路直播拍賣詐騙！直播拍賣正流行🎬
留心詐騙仔細聽👂
骨董海鮮高級品👑
螢幕鑑賞難辨明🤔
商品到睜大眼睛👀
可能收到劣質品🎭
付款方式再確定👨🏻‍💻
避免財損徒傷心💸
#楠梓分局106年青春專案宣導",20170724,16,0,0

727224297290722_1604006989612444,"《民眾車輛故障 警熱日下伸援手解危》日前在楠梓區藍昌路與後昌路口，一民眾駕自小客車突然拋錨無法行駛，正當曾民心急如焚而不知所措時，人民保母的巡邏車及時出現，民眾趕緊攔下警車求助，右昌派出所員警見狀立即下車了解，經查看初步研判該民車輛應是電瓶沒電，於是利用外接電源線串連警車及其自小客車，幫助該民順利啟動自小客車解危，該民對於右昌所員警的熱心鼎力幫忙，感到十二萬分的謝意，員警也示意只是舉手之勞，能夠幫助民眾解決問題，心裡頭也感到很高興。員警也再次叮嚀他，回去後要到保養廠盡速檢查車輛與更換電瓶，以免相同情形再度發生。",20170724,75,1,3

727224297290722_1599652086714601,"🚨楠警&菁英小勇士，反毒作伙來！🚓
楠梓分局受第一科技大學春暉社邀請，於該社舉辦的「2017反毒成長營-精英小英雄夏令營」進行暑假期間預防犯罪宣導。
該營隊參加對象為國小三至六年級學生，楠梓分局警務員、偵查員特別從校園安全層面著手，加強宣導三大主題：(一)做自己身體的小主人：身體哪些部位是不能隨便讓人碰觸的，不隨便接受陌生人給的食物或飲料；並簡單解釋何謂「家庭暴力」，若有需要可撥打113婦幼保護專線。
(二)反毒品：認識毒品分級、食用方式、感覺、症狀及後果，進而說明如何拒絕毒品誘惑。
(三)防詐騙：注意簡訊、遊戲點數詐騙手法，反詐騙三步驟為1聽、2掛、3查證，可撥打反詐騙專線165或報案電話110尋求幫助。
全程運用言簡意賅的簡報，加以生動活潑的宣講及提問，並撥放相關的宣導影片，將宣導內容深深烙印在學生腦海；最後藉由有獎徵答的方式，反覆提醒達到最佳效果，現場學童及工作人員反應非常熱烈，活動圓滿結束。",20170720,23,0,0

727224297290722_1598820723464404,假網拍門票詐財~請提高警覺!!,20170719,7,0,0

727224297290722_1598557020157441,"刑事局公布最新高風險賣場（平臺）7/10-7/16歹徒😈常常這樣說：
1.工作人員疏失誤設為分期付款，將被連續扣款12個月，要操作ATM才能解除分期❌
2.超商門市人員拿錯簽單，將設定成團購身分，會重複扣款❌
3.加LINE進行交易可以享折扣❌嘿‼️別被騙
1.ATM只能領錢跟匯錢，沒有任何解除設定的功能✅
2.網路賣場及銀行不會來電要求您操作ATM提款機✅
3.加LINE私下交易詐騙多，應選擇有完整客服的商家，較有保障✅
#楠梓分局106年青春專案宣導",20170719,10,0,0

727224297290722_1597540370259106,"「一直以來，在社會的某處有一群默默付出的人‧‧‧‧‧‧」想知道楠梓分局半年來破獲哪些案件嗎？
想知道楠梓分局曾舉辦過哪些活動嗎?
本分局特別製作此回顧影片記錄半年來的重大事件及活動，
讓大家進一步認識警察。看影片的同時也別忘了，
警察就在你我左右，一直守護著您！
#楠梓分局2017上半年回顧影片 #WHATDIDWEDO#一直守護您",20170718,75,13,7

727224297290722_1597473580265785,"楠梓分局「暑期青春專案」開講囉！
為確保暑期青少年安全活動空間，並維護青少年身心健全發展，營造優質成長環境，楠梓警察分局於日前接受「成功廣播電臺」專訪。
有鑑於以往經驗，暑假期間青少年因無課業壓力，空閒時間較多，如未安排正當活動，易於深夜遊蕩、流連網路咖啡店、電子遊藝場等妨害身心健康場所；加以同儕影響及誘惑下，易產生偏差行為，或誘使逃家、吸(販)毒、濫用藥物，甚至被幫派分子慫恿、利誘而加入幫派；或者容易發生群聚打架滋事或危險駕車(飆車)等不法情事。
楠梓警呼籲聽眾朋友，請多關懷家中青少年，鼓勵其從事正當休閒活動，或陪伴一同參與，增進親子互動，同時亦教導青少年正確法治觀念，培養積極、正面人生觀。
近來智慧型手機漸漸成為新興詐騙手法的工具，利用青少年及學生的好奇心、成癮性進行常見的「電信小額付費」詐騙。要避免「電信小額付費」詐騙發生，建議向手機門號所屬業者申請取消該功能，即可預防是類狀況發生。反詐騙三步驟為1聽、2掛、3查證，有任何問題都可撥打反詐騙專線165，24小時服務不打烊！
另暑假開始至今，遊樂戲水區時有溺水事件傳出；請家長們務必告知子女，若要戲水務必結伴同行，不可到禁止戲水區遊玩，即使在安全水域也一定要隨時留意周遭水域狀況，保持高度警覺心。
楠梓警察分局祝福所有聽眾及青少年朋友有個充實、平安又開心的暑假！
#楠梓分局106年青春專案宣導",20170718,16,1,0

727224297290722_1593472680665875,"一、新興毒品層出不窮，且毒品的包裝也日新月異，常常使用糖果或是餅乾包裝偽裝，若無法辨識包裝內容物，常有誤食的情形發生，以下介紹毒品包裝的四大種類:
(一)市售改裝、混合填充:破壞原貌再包裝，有拆封痕跡。
(二)山寨品牌、混合填充:包裝完整，無拆封痕跡。
(三)自創包裝、卡通圖樣:以花樣炫麗、特殊造型吸引青少年食用。
(四)糖衣外表、零食外貌:以糖果樣式混淆，引誘青少年誤食。
二、染上毒癮，後患無窮，染毒除了對身心靈造成嚴重傷害外，製造、運輸、販賣、轉讓、持有不但會有刑責問題，更會讓孩子的未來蒙上一層陰影，因此毒品問題不可不慎。
三、毒品在哪裡買的到呢?有可能在網路、交友APP販售，在MOTEL、酒吧、夜店、網咖、撞球間、KTV、宮廟、酒店等等高風險場所內，都有可能會有不明人士向青少年兜售毒品，因此不接受陌生人提供的菸酒、飲料、糖果等，一旦離開視線也不要再繼續食用，是最高的安全守則。
高雄市政府警察局楠梓分局關心您!#楠梓分局106年青春專案宣導",20170714,17,2,0

727224297290722_1593115630701580,"《婦人接到假兒子來電要求匯錢救他 警獲知成功阻騙》翠屏派出所員警執行巡邏勤務途於超商簽巡中，一名女子向警方詢問，告知她母親接到一通電話，內容是說她兒子因欠錢被人毆打，要請母親盡快匯新台幣8萬元救命，母女倆在收到這消息時，起初也懷疑是不是詐騙集團打來的，隨後撥打電話給兒子卻沒接，越想越害怕，因此才找警方協助。警方獲知後先將女子帶返所，並立即協助撥打兒子電話以及找尋其他聯絡方式，最後成功取得聯繫並確認其安全。翠屏所所長得知此事後，立即再帶同兩位同仁前往女子住處，親口告知在家著急不已且年事已高的母親此事為詐騙，且警方已經確認他兒子安全無虞，請她不要擔心並安撫她的情緒，讓老太太深為感動放心。警方並當場告知該對母女，這是詐騙集團常常運用的詐騙方式，提醒她們應時時提高自我防衛意識，凡遇不明或可疑電話，不論手機或市話，要「冷靜」、「查證」、「報警」，只要撥打「165」即可由專人為您說明並研判是否為詐騙事件，以利警方能即時協助防止詐騙集團詐騙。",20170714,28,1,0

727224297290722_1591326400880503,"《伯伯接獲詐騙電話 警隨即時攔阻》日前一名老先生接到一通自稱為台北榮民總醫院護理長的電話，表示老先生日前在台北榮總開過刀(2個月前確實有至該院接受手術)，現有一名小姐要利用其名義領取健保補助費3萬元，詢問其是否有叫人領取，又稱如果是他人假冒身分領取健保補助金，可線上轉接165專線專員通報冒用身分人員並開具四聯單，但需要先匯款至台北榮總醫院戶頭，老先生察覺有異就先掛上電話，沒想到對方又再度打來自稱是台北刑大及台北地檢人員電話，要老先生不要洩漏案情不然可能觸犯刑法，並告知老先生為涉嫌詐欺保險金嫌疑人，可先轉帳繳納保釋金，老先生先掛上電話並向其兒子朋友求助(因兒子定居美國)，兒子友人察覺有異立即請他至派出所報案，員警了解案情後向老先生解釋，公家單位及醫療單位並不會主動告知民眾上述情事亦不會要求匯款，警方告知老先生千萬不要匯款並當場宣導若再接到此類電話可直接撥打165、110、或轄區派出所電話查證，不可先去匯款，老先生非常感謝警方協助並成功攔阻新台幣3萬元。據瞭解該老先生是公職人員退休，接到詐騙電話時有先懷疑是否為詐騙電話，但對方持續撥打電話又知道他有在台北榮總動過手術而讓他內心產生動搖，擔心之下求助兒子在台灣的好友，最後才來派出所向警員求助。警方在此呼籲，若接獲類似詐騙電話可撥打165或110查證電話來源，冷靜處裡切勿有匯款及領錢的衝動，請求警方協助是最好的處理方式。",20170712,27,0,0

727224297290722_1591265904219886,暑假到來！別以為聽信朋友至南寧就是單純旅遊喔！小心有詐！！,20170712,14,0,0

727224297290722_1591265784219898,"網路購物要注意🤓
賣家要私下交易💸
折扣贈品都給你🎁
你以為撿到便宜💰
刷卡轉帳太大意😌
歹徒收錢笑嘻嘻😈
帳號刪除封鎖你📵
求助無門慘兮兮😭",20170712,16,0,0

727224297290722_1591265667553243,"刑事局公布最新高風險賣場（7/3-7/9）1.網路賣場及銀行不會來電要求您操作提款機(ATM) 👂。
2.近期歹徒鎖定「旅行社」、「訂票網」作為目標，近期曾在相關網頁購買商品民眾，請特別注意🕵️‍♂️。
3.賣家要求用LINE私下交易或匯款，就有可能拿不到貨品或收到假貨💔。
4.臉書購物廣告詐騙多，近期許多廣告以低於市場行情價格吸引民眾購買，而且使用貨到付款方式取信民眾，請小心💢。
5.請各位用力轉貼分享，共同打擊詐騙犯罪~",20170712,11,0,0

727224297290722_1590349774311499,"《楠警結合加昌里向毒品說不！ 》為確保暑期青少年安全活動空間，並維護青少年身心健全發展，營造優質成長環境，本分局結合加昌里活動中心「才藝班教學活動」辦理青春專案犯罪預防及交通安全宣導。
本次活動邀請轄內學童、國中小暑期安親班學童同樂，「手工藝DIY教學」活動由加昌里志工擔任。楠梓分局偵查隊宣導反詐騙、防制毒品等主題，交通組加強交通法規及行人須注意事項，藉由影片播放啟發思考，學童均反應熱烈，活動圓滿結束。楠梓警分局長呼籲家長多關懷家中青少年，鼓勵其從事正當休閒活動，或陪伴參加，增進親子互動；另暑假開始，請青少年多加注意，戲水務必結伴同行或由家長陪同，除不可到禁止戲水區遊玩外;再者請與會小朋友當治安小尖兵，發現周遭可疑人、事及犯罪情事要告知父母或警察，讓社會減少犯罪的機會，進而使治安更好。
#楠梓分局106年青春專案宣導",20170711,25,1,0

727224297290722_1585886478091162,《女不慎將嬰兒反鎖車內警急中生智鐵尺解危》右昌派出所接獲民眾報案，稱有一名魏姓女車主下車一時忘記未將所駕自小客車之鑰匙拔起，不慎將新生嬰兒反鎖於車內，當時該自小客車還在發動中，魏女見狀心急如焚地不知所措，心中唯一念頭就是趕快向人民褓母報案請求協助，員警火速趕抵現場，見狀靈機一動，跑至附近商家借用L尺一支，從自小客車副駕駛座的門窗將L尺插入窗縫內，員警在不破壞車門的情況下，終於在不到2分鐘的時間內，順利的將車門打開並救出小嬰兒。魏女當下非常激動，頻頻向兩位熱心員警說感謝，附近的里民見狀也稱讚警方的熱心服務。警方在此呼籲汽車駕駛人，勿將小孩獨留置於車內，如為暫時留置時亦應將車窗玻璃打開，以避免孩童因車門反鎖而受困於車內，為民服務是警察積極推動之目標，在民眾有困難時，警察會盡其所能給予關懷和協助，以同理心「把民眾小事當做大事來服務」。,20170707,108,7,13

727224297290722_1585703158109494,"楠梓分局於成功電台宣導青春專案👍
暑假期間青少年不用到學校上課，多了很多空閒時間，若未妥適安排時間，不僅徒徒浪費青春，也有可能被幫派吸收，被詐騙集團利誘加入少年詐欺車手，或是深夜流連網咖不知返家，讓父母擔心不已，甚至在KTV、夜店等場所尋歡作樂，被可疑人士遞送毒品咖啡包、新興毒品包裝，一經食用後果不可想像。
因此楠梓分局於青春專案期間將加強查察各特定營業場所，如小吃部、汽車旅館、KTV、釣蝦場、網咖等場所，在深夜時段青少年不可逗留其內，亦請業者協助警方注意有無青少年深夜仍逗留其內而未返家。
運用成功電台宣導交通新修正法令的注意事項及預防犯罪「反毒品、反詐騙、反飆車、反幫派、反援交」宣導，並安排各種熱力活動，供青少年參加，相關活動可於高雄市相關部門查詢，望每位青少年都可以開開心心的度過暑假，平平安安的開學，楠梓分局關心您～
#106年青春專案宣導",20170707,40,0,0

727224297290722_1584835011529642,"《台中婦人不慎迷路 右昌熱心警助返家》右昌派出所所長接獲民眾報案表示發現一名迷途失智婦人，該婦人當時無法提供相關證件資料可供警方查詢身分，於是先帶返所讓她休息，值班警員利用經透過警政署人臉辨識系統過濾比對，終於查出婦人戶籍地址是在台中市。經警方詢問詹姓婦人，她稱是自己搭乘火車南下高雄，到達後即隨意徒步行走，行經楠梓區民昌街時，有熱心民眾見狀主動關心並撥打110通知警方到場協助，員警亦發現詹女曾被家屬通報失蹤人口三次，在查到家屬姓名及連絡電話後立即予以連繫，其兒表示他會馬上從台中南下接母親返家，婦人在所等候期間，員警提供熱食及飲料，家屬到所後，見其母親安全無虞，非常感激警方的協助。如果家中有失智或是記憶力較不好之老人，可以去申請配戴愛心手鍊，上面會有姓名以及家屬聯絡電話等等資訊，也好方便善心人士、警方可以在第一時間安全的讓老人家回家，避免在外面發生危險。",20170706,32,0,2

727224297290722_1582867168393093,"📌本期165反詐騙宣導簡訊內容
➡民眾點選「網址連結」將直接連線至165官網網頁，該網頁提供民眾更多165宣導管道(臉書、LINE、APP)，民眾可至上述管道獲得更多反詐騙資訊~
⚠提醒您，若手機網路流量非吃到飽，點選連結將可能產生傳輸費用~
#165臉書 https://www.facebook.com/165bear/
#165APP http://www.cib.gov.tw/home/qrcode/
#165LINE 搜尋165或ID輸入@tw165
#165官網 http://www.165.gov.tw/",20170704,8,0,0

727224297290722_1581462975200179,"《右昌警機警發現失蹤男 助其安全返家》楠梓分局右昌派出所員警於擔服值班勤務時，見一名男子於呆站多時，遂上前關心詢問，經盤查後發現該男為派出所通報之失蹤人口，將其帶返所通知家人帶回照顧。當時員警見該男子在路口徘徊多時，又下著大雨，身上因雨已淋濕，恐其著涼將其請入所內詢問了解身分。男子因有精神障礙，詢問時無法正確表達，警方詢問其表示已經兩日未曾進食，員警遂前往購買熱食便當讓其裹腹。男子最後卸下心防說出自己姓名，警方依該線索查詢戶役政系統，才確認為加昌派出所受理之失蹤人口。通知其胞兄至所帶回照顧，報案人至所後十分感激警方及時發現，否則其弟因無法自理生活，如果再拖下去恐將發生憾事。楠梓分局表示，家中如有精神障礙之家屬，為防止其走失，可申請愛心手環及愛心QR CODE布條縫製於常穿的衣物上，本分局各所均有指定專人協助家屬申請，如有需求者可就近向派出所詢問，我們會即刻指派人竭誠為您服務。",20170703,31,0,0

727224297290722_1575162949163515,"刑事局公布最新高風險賣場（平臺）歹徒都是用下列話數詐騙：
1.誤設成分期付款、VIP、團購、多筆訂單
2.將重複扣款
3.要操作ATM解除或購買遊戲點數回沖
4.要加LINE聯繫
各位鄉親~別上當阿!!!!※近期詐騙集團多鎖定「旅行社」、「電影票券」及「餐飲業」作為假冒對象，請提高警覺。
※透過臉書FB、LINE購物詐騙多（如演唱會門票），應選擇商譽良好及有完整客服的商家，較有保障。",20170628,10,0,0

727224297290722_1574921809187629,"❄️盛夏消暑特別企劃❄️制式八股的宣導片～OUT🈲
年輕人KUSO創意～尚青✅
當貝多芬走進KTV🎤
會有什麼驚人之舉🤷🏻‍♂️
讓雄青春的🎬製作團隊告訴您
#106年青春專案開跑嘍🏃🏻🏃🏻‍♀️",20170628,18,0,0

727224297290722_1574219495924527,集氣.......為員警加油!,20170627,265,14,58

727224297290722_1574182305928246,"😈照過來~月薪七萬二！只需提供存簿、提款卡？👹🕵您在尋找打工機會嗎?適逢求職旺季，許多畢業新鮮人會透過網路找尋打工機會，並透過網頁內容所留資訊與求職公司聯繫…。👮刑事局165提醒您：求職或辦理貸款，切勿隨意將「帳戶存摺」、「提款卡及密碼」提供他人使用，避免遭詐騙集團利用為人頭帳戶因而受害！《本圖文與 #趨勢科技 #TrendMicro 共同宣導》",20170627,11,0,0

727224297290722_1573748515971625,"《楠梓警好熱心 外籍選手大讚揪感心》
　　「2017UCI臺灣盃國際自由車場地經典賽」於106年6月24日舉行熱身練習賽，並於6月25至27日在楠梓自行車場盛大舉行三天，為維護場地與選手安全並提供選手適當協助服務，於熱身賽及正式比賽期間皆安排警力駐守自行車場，甚至協請內政部警政署保三總隊出動防爆犬，並由高雄市政府警察局鑑識中心六位幹員會同，共同實施場地安檢，以確保賽事期間人員安全。
楠梓派出所所長、副所長及一警員於106年6月24日在楠梓自行車車場執行安全維護勤務，警方於值勤期間於場地四周來回巡守，引發外籍選手好奇，上前詢問為何比賽場地內有警察駐守，所長隨即向其表示警方在此維護場地及選手安全，並提供適當協助服務，外籍選手對警方的用心深表謝意。與其聊天過程中警方也得知其為荷蘭籍奧運銀牌國手，希望藉由這次比賽機會順道至各景點參觀、嚐遍臺灣美食，警方便告知其如何搭乘大眾運輸系統前往高雄知名景點瑞豐夜市、六合夜市等地品嚐夜市小吃。外籍選手離去前頻頻向警方致謝，對於臺灣警察的熱忱給予高度的肯定。",20170627,30,1,0

727224297290722_1572716659408144,"《老翁外出迷路 楠梓暖警護送返家》楠梓分局楠梓派出所員警於擔服巡邏勤務時，接獲民眾報案，稱楠梓新路上有一名迷途老人，員警隨即前往了解，發現該名老翁並未有失蹤紀錄，根據老翁表示一大早出門散步，一時越走越遠，忘記如何返家。老翁告知警方他的住處，希望警方告訴他如何步行回家。警方見日正當中、天氣炎熱，擔心老翁一人獨自走路回家恐生意外，遂主動以巡邏車護送其返家。老翁剛開始推辭婉拒，但員警堅持護送其返家，老翁到家後頻頻向警方致謝，且表示以後不會再走那麼遠了，十分感謝警員們的熱心相助。
　　楠梓派出所所長呼籲民眾，應關懷家中高齡長輩生活起居動態，高齡長輩若要出門應陪同出門，避免迷路、走失之風險發生。",20170626,48,0,0

727224297290722_1568947529785057,《後勁警助徘徊路中迷途失智老翁返家》後勁派出所副所長與員警巡邏時，接獲民眾報案一名迷途失智老人在路中走動，趕抵現場時，員警發現老翁雙眼無神、驚慌失措地在車水馬龍的路上徘徊，因恐引發交通事故，立即向前攙扶該名老翁至路旁休息，並詢問身分。該名老翁因在家中感到無聊才自行搭乘公車離家散心，到處閒晃卻又不知身在何處才迷路。員警發揮愛心主動護送該名老翁返家，並且一路上陪同閒聊，以舒緩其緊張心情。在警方護送老翁到家時，其太太與孫女正好在家附近周遭尋找老翁，見警方平安將老翁送返家，潘姓老翁一家人皆對警方熱心為民服務的精神讚譽有佳，頻頻向員警們深深致謝並開心合影留念。,20170622,37,0,0

727224297290722_1567668809912929,"📌刑事局公布最新高風險賣場
聽到下列關鍵字，就是「詐騙」💢：
1.誤設成VIP。
2.將重複扣款。
3.要操作ATM解除。
4.要加LINE聯繫。
請掛斷電話，切勿依照指示前往操作ATM。網購應選擇有客服、完整退貨機制之店家，避免求償無門💸。※本分局呼籲：近期詐騙集團鎖定「訂票網」、「旅行社」、「餐飲業」，近三個月曾在上開行業進行消費購物或訂位之民眾，接獲自稱賣場客服人員或銀行，只要聽到「ATM」，請直接掛斷電話，慎防詐騙。",20170621,12,0,0

727224297290722_1566812146665262,"《楠警破案連連、警察局長親臨頒獎慰勞》
一、 楠梓分局於106年6月起於短時間內發揮團體戰力，迅速偵破強盜、搶奪、暴力傷害及開槍鬥毆等影響社會治安之暴力犯罪，警察局長陳家欽特別抽空於本(20)日中午時刻親自蒞臨楠梓分局，對辛苦偵辦案件而不眠不休員警，特頒發「破案茶」，鼓舞激勵基層員警士氣，並由偵查隊小隊長等五人代表接受表揚，嘉勉員警積極認真之工作態度。
二、 局長為與了解基層工作及執勤狀況，與受獎同仁一同於本分局餐廳共進午餐並頒發「加菜金」鼓勵，席間聽取同仁對警政革新的建議並將建言帶回研議，用以改善員警執勤狀況及減輕不必要之業務負擔。本次獲頒局長辦案茶的楠梓分局破案有功員警對於局長的適時慰勤，均感受到局長貼近及傾聽基層之用心，楠梓分局將持續努力、為高雄市的治安一同奮鬥打拼。",20170620,157,10,4

727224297290722_1562525273760616,"兩毒犯奪女子皮包 楠警鍥而不捨追緝再查出另一搶案",20170616,129,2,0

727224297290722_1561601893852954,"《機智警埋伏發現可疑 腳踏車竊嫌栽了》日前員警在油廠國小捷運站執行防竊勤務時，發現1名男子鬼鬼祟祟地走向腳踏車停車區，並且觀望四周環境，疑似準備竊車，而正當該名男子在觀望時，其眼神與執行便衣防竊員警交會，該男心有所疑，隨即裝作若無其事地往其他方向行走。尤員見狀立即打電話回派出所請求支援，並一路尾隨，待支援警力到達後，立即予以攔下盤查身分。經查發現該名男子為治安顧慮人口，在警方詢問時，他失口否認有涉及竊盜案，在盤查身分時同意警方搜索其隨身背包，卻發現老虎鉗及腳踏車前後車燈，因林男無法解釋為何持有該物品，遂自己承認曾在油廠國小捷運站出口竊取過一輛腳踏車，而犯案工具正是包包內的老虎鉗；將林嫌帶返派出所偵訊時，播放腳踏車竊案現場監視器畫面供其觀看，林嫌隨即坦承竊取該部腳踏車不諱，他表示是因為家中經濟不好又有八十高齡的父親要扶養，才會接連竊取腳踏車，並以每台新台幣500元賤價銷贓至跳蚤市場，全案訊後依竊盜罪移送橋頭地檢署偵辦。",20170615,55,2,3

727224297290722_1560459780633832,《騎贓車搶奪外勞多日追緝終落網》在楠梓區藍田路購物商場旁人行道上，發生一起菲律賓籍女外勞遭一名男子騎乘機車搶走皮夾案件，本分局立即由加昌所及偵查隊成立專案小組全力偵辦，調查中發現嫌犯犯案時所騎駛之重機車為鳳山區武慶二路失竊之贓車，警方到鳳山區調閱監視器另發現嫌犯是騎乘另一部於三民區竊取之贓車前往該處竊車，並將贓車棄置於現場，經多次調閱當地監視器進而比對查出嫌犯身份，專案小組隨即向橋頭地檢署聲請拘票並展開追緝，連日來日以繼夜地在各處犯嫌可能藏匿之處所查訪及埋伏守候，幾日後小組成員得知犯嫌可能到醫院就診，因此跑遍市內各大小醫療院所，在小組成員努力不懈的追查下，終於在6月10日在榮總急診室內查緝到陳嫌，而陳嫌也坦承犯下搶奪及機車竊盜等案，全案依搶奪及竊盜罪嫌移送橋頭地檢署偵辦，並經檢察官向法院聲請預防性羈押獲准。楠梓警分局長在此呼籲，民眾外出錢不露白，隨身攜帶物品、錢財要多加防護，勿讓歹徒有機會竊取或搶奪您的財物，若發現形跡可疑人士，可直接與警方聯繫，共同合作維護治安。,20170614,36,1,2

727224297290722_1560234710656339,"刑事局公布最新民眾通報高風險賣場（平臺）聽到：誤設成分期付款、將扣款12次、要操作ATM解除→就是「詐騙」💢快透過以下管道，取得最新防詐資訊
165官網：搜尋「警政署165反詐騙」
165臉書：搜尋「165反詐騙宣導」，有刑事Bear才是官方版
165APP：iTunes Store或Google Play搜尋「165反詐騙」
165 LINE： @tw165",20170614,11,0,0

727224297290722_1557272614285882,"《楠梓警友站貼心 警察節前夕贈警休閒服慰問》楠梓警友辦事處主任王木，十幾年來竭盡心力幫忙、關懷員警，有鑑於警察節即將來臨，特於6月8日利用楠梓分局舉行週報會議機會，親自前來楠梓分局致贈員警休閒服裝，以表達對楠梓分局員警肯定與嘉勉之意。王主任於擔任主任期間，每有警察同仁遇困難問題需要他解決，一定竭盡心力幫忙，平時也常至派出所及分局慰問關懷同仁，以實際行動表達對警察工作最大的支持，把員警視同家人，他盡心扮演楠梓分局與轄區民眾溝通的橋樑，無私付出，殊屬不易。楠梓警分局長表示，「警力有限，民力無窮」，警察在工作上，真的需要民眾的協助及支援，才能充分發揮維護治安的力量。警友會是警察的好朋友，也是最有力之後盾。楠梓分局員警對於警友會的慰問舉倍感溫馨，並致上最誠摯的感謝。",20170611,60,0,0

727224297290722_1556540657692411,"【迷姦乖乖水再現，跑趴約會請小心】
邇來屢現不法份子以「迷姦、催情、昏迷、壯陽」等聳動字眼，以鼓吹無知民眾或有心人士購買偽、劣、禁藥，甚或標榜無色、無味之「乖乖水」能使女性快速喪失短期記憶以達其性侵意圖。此類藥物不排除含有毒品、管制藥物成分，危害社會安全及民眾身心甚鉅，卻有人利用此特性在網路上吹噓壯陽藥物之神奇，並大打可催情、昏迷女性之廣告大肆販售以牟取暴利。本局接獲民眾投書局長信箱，指稱有人以臉書不斷以聳動字眼進入社群兜售各類壯陽及催情藥物，遂責由刑事警察大隊科技犯罪偵查隊追查來源，經數月追蹤取得相關事證後，立即聲請搜索票，並於鄭嫌處所查獲大批偽劣藥品共計25項，市值有200多萬，經送驗鑑定認該批查扣物品含有西藥成分，全案依違反藥事法及毒品危害防制條例移送地檢署偵辦。嘉義縣警察局局長林清求在此提醒民眾應隨時注意食安問題，除不可自行販賣藥物外，亦不可自行於坊間或網路購買來路不明之藥品，以免破財傷身得不償失。相關新聞連結:
【迷姦乖乖水再現跑趴約會請小心】-新浪新聞
http://news.sina.com.tw/article/20170609/22571588.html
【乖乖水無色無味 可讓女性喪記憶被迷姦】-聯合新聞
https://udn.com/news/story/7315/2514008
【跑趴請小心　超強迷姦藥水30秒讓妳昏】-蘋果新聞
http://www.appledaily.com.tw/realtimenews/article/new/20170609/1136407/",20170610,14,0,0

727224297290722_1554073904605753,"😃關懷外籍移工 楠梓警走入外勞宿舍防詐交安宣導😇高雄市政府勞工局舉辦「關懷有愛，守護健康」活動，楠梓警分局應邀由防治組、交通組及偵查隊組成宣導團，前往外籍移工集合式宿舍進行「犯罪預防及交通安全宣導」。
針對邇來有多名外籍移工因對法令認知不足而涉入詐欺案，多名移工曾在醫院遭陌生人搭訕，對方表示出借證件可換取免費行動電話預付卡，惟詐騙集團同時申請多張預付卡，雖有取得1張免費的電話預付卡，餘均供詐騙集團使用，而成為詐欺集團共犯，為避免是類案件再發生，宣導團特別加強宣導「勿任意交付證件予他人」及可能衍生之後果；另歷年交通事故傷亡人數眾多，且自行車及行人事故比例逐年增加，楠警宣導團也特別針對外籍移工加強行人路權之交通安全觀念宣導。
楠梓警分局長呼籲，外籍移工因對我國法律認識不清，常因此而遭利用，成為詐騙集團人頭，希望藉由本分局宣導團加強案例宣導，期能有效防詐。",20170608,33,0,0

727224297290722_1553069808039496,"🏷️刑事局公布最新民眾通報高風險賣場（平臺）
防詐小叮嚀：
1.提款機（ATM🏧）只能領錢跟匯錢💸，沒有任何解除設定的功能。
2.來電帶「+」（如+886...）📵，可能是詐騙電話，請小心❗
3.在拍賣平臺購物使用「面交」方式，銀貨兩訖才安心🤝。",20170607,13,0,0

727224297290722_1551903114822832,"📌來電顯示「165」或「+165」就是詐騙!!!
👮刑事局165反詐騙諮詢專線近期接獲民眾來電☎，稱有歹徒以來電顯示「165」或「+165」，自稱是165專線人員，稱民眾個資被冒用且涉及刑案，要民眾協助調查並監管財產，民眾因為看到來電顯示為「165」，便信以為真，依照指示前往匯款。👮刑事局165提醒民眾，電話號碼1⃣6⃣5⃣只是簡碼代表號，無法撥出只能受話，主要是提供民眾撥打進來諮詢，如果外撥給民眾時，只會顯示市話號碼，不會只出現1⃣6⃣5⃣，且出現+字號就是境外來電。🔔警察機關偵查案件會以公文通知民眾，不會僅以電話📞向民眾詢問筆錄。所以，只要接到顯示「165」或「+165」就ㄧ定是詐騙!!!建議民眾若是接到任何可疑電話，可以先把電話掛斷，重新撥打165專線詢問以維護自身財產安全。#來電顯示165 或+165 #就是詐騙
#接到可疑電話先掛斷再撥打165",20170606,10,0,0

727224297290722_1550558061624004,"在臺的臺商要注意了，特別是有使用大陸的手機門號，愛注意喔！最近發現有臺商在臺灣以大陸的手機門號，接獲假冒「香港入境處😈」及「大陸公安😈」，以涉案為由要求臺商配合調查，否則將凍結資產之詐騙手法，並要求臺商前往操作匯款，臺商因此受騙。不論是臺灣或大陸的檢警都不會用監管帳戶或繳交保證金來偵辦，若有疑問應掛斷電話後親向臺灣或當地警方諮詢。《本圖文與 #趨勢科技#TrendMicro 共同宣導》",20170605,9,0,0

727224297290722_1550393631640447,"《高齡老翁外出購物迷路 人臉辨識助返家》日前一位民眾開車載著一名老翁至楠梓派出所，表示該老翁走路走至他家門口前，直呼很累已走不動了，他在家中聽見後立即出來關懷詢問，隨後便將其載至派出所向警方請求協助。該老翁講話時有濃厚的地方口音，員警當時無法與他溝通，其身上亦無任何證件及聯絡資料，於是員警利用人臉辨識系統進行過濾比對，終於順利查出該老翁基本資料，並以巡邏車護送返家。據了解，當日老翁告訴家人要去楠梓買東西，隨後就獨自搭公車到楠梓區，卻不知何故就迷路了，家屬見到老翁被警方送回，欣喜若狂地頻頻向警方道謝。
　　楠梓派出所所長呼籲民眾應隨時關懷家中高齡長輩生活起居動態，高齡長輩若要出門應陪同出門，避免迷路、走失之風險發生。",20170605,24,0,0

727224297290722_1549207381759072,"近一個月來民眾通報高風險賣場，#EZ訂 專門訂購電影票券網頁卻蟬聯排行榜四週，民眾訂票資訊及個資均遭詐騙集團掌握，紛紛接到詐騙集團電話，以 「#設定為12期分期訂票」為由要求民眾去ATM解除分期設定，請民眾千萬不要聽信上當，另 #應慎選優良賣場網路購物，保障自身安全！#ATM沒有解除分期設定功能
#店家要你購買遊戲點數解除設定就是詐騙
#應慎選網路購物平臺",20170604,9,0,0

727224297290722_1549206715092472,"假冒公署詐騙2部曲---
第1部：假冒健保局人員詐騙
😈：你的健保卡遭到冒名申請健保補助費！
😧：什麼？！我沒有申請補助啊！
😈：別擔心！我們會幫您把電話轉給警方協助釐清案情~第2部：假冒警察、檢察官詐騙
😈：我們調查發現，你的帳戶成為人頭帳戶！還涉及洗錢案~是詐欺集團的共犯！
😧：怎麼會？！我沒有提供帳戶啊...
😈：檢察官已經發2次傳票給你，你都沒來！！！而且你被通緝了！
😧：怎麼會這樣...那我該怎麼辦？
😈：你先把所有存摺和提款卡交出來給我們監管，待案子查明，就會把存還給你了~
😧：好的。警察先生，這樣我就會沒事了吧？
😈：你沒犯罪的話當然就沒事了~然後所有錢就被詐騙集團提領一空了！！！高雄市政府警察局楠梓分局提醒您
N͟͟O͟͟!電話談錢就可疑！
N͟͟O͟͟!監管帳戶就是詐騙！
N͟͟O͟͟!切物將財物或存摺交給陌生人！#假冒公署詐騙超可惡
#聽到關鍵字立刻掛電話
#有疑慮直接撥打165或110查證",20170604,9,0,0

727224297290722_1547269711952839,"《交換生錢包遭侵占楠警循線找回》
日前一位來自蒙古的交換學生到早餐店購買餐點，在買單後不慎將錢包掉落在早餐店，錢包內有約新台幣3000多元的生活費，但返回早餐店發現錢包早已不翼而飛，進而打電話向警方報案。員警獲報後前往現場了解，發現來自蒙古的交換學生僅略懂中文，因此員警以英語溝通初步了解情形。警方即調閱案發地周邊監錄系統，並陪同報案人調閱早餐店內監視器，發現一名年輕女子見錢包掉在地上後，順手撿起即騎機車揚長而去。警方透過嫌疑人長相、穿著等特徵，經過比對終查出年輕女子所騎機車車牌，並通知到案說明，並當場查扣該只錢包。該名女子表示當時因急著要去上班，才未立即將錢包交至派出所處理，殊不知此舉已涉嫌刑法侵占罪。警方通知報案女大交換學生前來派出所領取錢包時，原本煩悶苦惱的心情頓時豁然開朗露出一抹微笑，頻頻向熱心的員警表達感謝之意，並且不願對嫌疑人提出告訴。然而，侵占屬於公訴罪，因此警方將全案函送橋頭地檢署偵辦。",20170602,59,0,0

727224297290722_1544983838848093,"《身障男忘了返家路 加昌警伸援手》楠梓分局加昌派出所日前接獲報案，稱有位疑似迷途的身心障礙男子在藍田路與德中路口徘徊，警方獲報後隨即派遣員警前往，員警到場後詢問該名其姓名及住家位置，但該男無法正常言語表達，員警先將他帶返所休息，這時碰巧家屬心急地跑進加昌派出所報案，家屬一看見走失的親人後，激動地上前相認並非常感謝警方協助。經警方瞭解該名男子原本寄住在復建之家，出門散步後卻忘記如何返家，所幸善心民眾撥電尋求警方協助，男子在民眾及警方的合力幫助下順利返家。加昌派出所在此提醒民眾，若家中有身心障礙情形之成員可在身上或隨身物品上將地址或聯絡方式寫上，減少走失機會，並可至高雄市政府社會局網站上申請愛心手鍊，讓家中長輩隨身配戴，預防走失發生。",20170531,31,0,0

727224297290722_1544129005600243,"《持毒躲得了一時 躲不了一世!》楠梓分局翠屏派出所所長與員警日前執行巡邏勤務時，看見一名男子在超商門口俳徊，起初該男並未有可疑舉動，但經員警走至店門口與他擦身而過時，發現該男神色怪異，員警見狀即欲盤查該男子。惟該男見警方走近後，直接戴起安全帽欲快速駕車離去，當場被所長及在場警員及時攔下，查證身分，該男卻開始慌張、手腳發抖並一直閃躲警方問題，所長持續深入詰問，並請求打開機車置物箱供警方檢查，該男主動將手提包內之兩包二級毒品安非他命及吸食器交付警方，警方當場依法逮捕，帶返所偵訊移送法辦。楠梓警分局分局長向大眾呼籲，毒品萬萬不可碰，別因一時好奇而毀了自己一生，毒品副作用相當多，別為了尋求一時的刺激，而葬送未來的美好人生。",20170530,60,3,4

727224297290722_1539797402700070,"《低落女溪邊遊走 警及時規勸助返家》加昌派出所於日前接獲119轉報，稱有一名女子在右昌橋上意圖輕生，立即派遣巡邏警網趕赴現場，員警到場後發現該名意圖輕生女子滿身泥巴及雜草，在橋上言行舉動怪異，員警及消防隊人員在旁持續安撫蔡女情緒，規勸蔡女千萬不要想不開，並同時在旁準備衝上救援，最後蔡女在警消人員勸說下，打消輕生念頭並坐上警車由警方返回派出所休息並通知蔡女哥哥到場協助，並由其將蔡女帶返家休息，蔡女哥哥非常感謝警方的協助與幫忙。警方在此呼籲，民眾遇到任何問題千萬不要意氣用事，如果有任何不愉快可以撥打1995或尋求朋友家人協助，自殺並不能解決任何問題！",20170526,31,1,0

727224297290722_1536924312987379,《愛心後勁警助迷途老太太返家》日前一位熱心民眾下班騎車行經高楠公路時發現一位老太太深夜裡在路上獨自行走，便熱心地騎機車載該老太太到後勁派出所請求警方協助。員警見狀即至門口將老太太攙扶至所內休息並提供礦泉水及麵包供其補充體力，並耐心地詢問其身分資料。但老太太疑似有輕微的失智症，僅記得其姓名，員警透過警用電腦查詢相關資料逐條比對，最終查出該名老太太住家地址，進一步詢問發現郭老太太為獨居老人，並無法聯繫其家屬，幸虧她外出時有攜帶自家門鑰匙，警方立即駕車安全護送返家。老太太到家後，原本忐忑不安的心情，終於平定下來且嘴角露出一抹微笑，頻頻向熱心的員警表達感謝之意。,20170523,40,0,0

727224297290722_1532986790047798,"《失憶老婦晚間未返家 員警悉心調閱監視器》楠梓分局楠梓派出所日前接獲報案，報案人焦急地敘述其母白天至養護中心，應於下午4時由康復巴士送回，惟直至此時其母並未返家，不知去向。員警先在電話上安撫情緒，並請她準備證件至派出所報案。經警方了解，家屬已先聯絡復康巴士司機，該名司機未將母親載至指定地點，反而將其母載送至住家2公里外的商店後隨即離去，警員一一調閱周遭監視器，發現該名老婦下車後徒步往火車站方向行走，其家屬得知後連忙至火車站附近搜尋，果真在車站附近的商家尋獲老婦。家屬告訴警方其母患有失智症，擔心母親一人在外會緊張無助，十分感謝警方的熱心協助。
＊如家中有失智長輩，可申請愛心手環及愛心QR CODE縫製於常穿的衣物上，本分局各所均有指定專人協助家屬申請，如有需求者可就近向派出所詢問，我們會即刻指派人竭誠為您服務。",20170519,62,1,1

727224297290722_1530657556947388,"《婦人遭騙轉帳領錢 警即時告知救回存款》翠屏派出所日前接獲民眾報案表示在某超商內有婦人疑似遭到詐騙，員警立即趕往現場發現，一名婦人在操作提款機時，表情顯得異常慌張且情緒激動，後方一名男子察覺有異，立刻報案，亦馬上阻止婦人操作提款機；該名婦人因為接獲一名男子來電，告知她兒子積欠80萬元債務，目前兒子在他手上，已被他打的頭破血流，要她趕快籌錢出來救人。加上兒子手機電話無人接聽，這時因擔心兒子安危，便前往領錢準備匯款。警方努力安撫該婦人，並連絡其兒就讀學校，後來校方教官確認其兒確實平安無虞，手機未接係因他當時正在上課，結束了一場虛驚。因萬女先前有操作提款機，為確認有無財產損失，員警立即陪同前往郵局核對存摺，經確認並未成功轉帳，將領出的錢再次存回，並通知她大兒子回家陪萬女以穩定情緒。楠梓警分局表示，如民眾接獲此類電話，務必再次確認、小心查證，撥打學校、公司、朋友以及家人手機確認本人是否安全無虞，切勿直接跟隨指示操作提款機！如還有任何疑問，可至鄰近派出所詢問，避免受騙上當！",20170517,54,1,0

727224297290722_1528881043791706,"《暖心翠屏警護送 迷途老人順利回家》楠梓分局翠屏派出所員警於日前執行巡邏勤務時，發現一名老伯伯不時東張西望，神色不安，員警立即上前詢問是否需要幫助，才發現該名老伯伯忘記回家的路！員警先將其帶返派出所休息，安撫情緒並提供茶水飲用，經電腦系統將多項資料予以對比及過濾，終查出該老伯伯實際身分及住處地址，最後由員警駕車將其護送返家。楠梓警分局分局長表示，如果家中有失智或是記憶力較差之老人，可申請配戴愛心手鍊，方便善心人士、警方可在第一時間安全地送老人家返家，避免在外面發生危險！",20170515,29,0,0

727224297290722_1525943320752145,《通緝毒犯難逃翠屏警鷹眼》楠梓分局翠屏派出所員警於日前執行巡邏勤務時，發現一名男子神情有異且行跡可疑，主動將其攔下盤查，經查發現該男為高雄市橋頭地方法院檢察署所發布之毒品通緝犯，警方依法予以逮捕，並進一步執行附帶搜索，更發現在該嫌背包內藏有一級毒品海洛因及二級毒品安非他命，立即扣押，並帶返所偵辦後移送橋頭地方法院檢察署。楠梓警分局向大眾呼籲，毒品萬不可碰，別因一時好奇而毀自己一生，毒品副作用相當多，別為了一時尋求刺激，而葬送往後的美好人生。,20170512,26,0,0

727224297290722_1524912720855205,"《女子意圖跳橋 警及時勸說挽回》楠梓分局楠梓派出所於日前執行巡邏勤務時接獲通報有人意圖跳橋自殺，警方獲報後火速趕往現場，發現一民眾在橋邊徘徊，情緒激動，意圖跳橋。為了避免發生意外，警方先行通知消防隊到場戒備，並在場不斷與其閒聊，苦口婆心的規勸、開導，終於使其放棄輕生念頭，也答應警方不會再做傻事了，隨後警方以巡邏車護送該民返家。其家人得知後頻頻向警方道謝，且表示會與陳女好好溝通，不再使其有輕生念頭。
　　楠梓派出所所長呼籲民眾多尊重及愛惜生命，面對生命難題時，要有勇氣去正視及解決，亦可撥打１９９５專線尋求協助。",20170511,38,0,0

