549408238477145_1444096889008271,我們努力不懈，分析問題原因對症下藥，希還給市民更安全的交通環境🚸🚸🚸,20170819,93,1,0

549408238477145_1443666529051307,本分局於本(18)日協請市府消防、衛生、經發、工務、衛生、教育、社會局處人員配合組成聯合稽查小組，依轄區特性規劃執行擴大掃蕩勤務，加強查察違法(規)場所，建立清新的網咖環境，並針對八大行業及電子遊戲場加強違法(規)稽查工作。,20170818,99,1,1

549408238477145_1442391642512129,"愛與鐵血2.0 6️⃣2️⃣
⭕️尊嚴不要空喊，修法才能力挽
⭕️執法不再兩難，正義才會實現
#請為警察發聲_你的分享就是一種表態
傳送門➡️【https://goo.gl/pkxdWV】這是推動修法保障警察執法的官網影片，請為我們發聲(轉傳分享)🙏",20170817,313,138,19

549408238477145_1442386089179351,"🚨【警連日巡守查捕詐騙手機犯嫌 終結學生惡夢】
#續上則貼文
#請看影片並請小心此類手法",20170817,70,7,0

549408238477145_1442248279193132,【三民二分局106年暑期青春專案-預防犯罪宣導📣】,20170817,31,0,0

549408238477145_1442226575861969,"🚩【高雄出現街頭隨機詐取手機男 終遭本分局警方擊落法辦】
#利用人性的善良🤦🏻‍♂️
#夜路走多終難逃法網GG了👎🏻
❌本分局民族派出所於106年7月中旬陸續接到多為學生報案，表示曾於路中遭男性路人佯稱要借用手機查閱地圖或撥打電話，趁機詐取被害人手機，且借用手機後立即騎乘機車離開現場。
❌民族所據報立即責成專案人員偵辦，經現場訪查並分析相關資料全力偵辦⋯⋯🚓🚓🚓🚨🚨🚨本分局將加強校園周邊巡邏，確保學生安全無虞，呼籲民眾網路買賣陷阱多，除小心選擇賣家外，亦切勿購買低於市價行情過多及來路不明之物品，以免因貪小便宜而誤蹈法網。",20170817,103,9,0

549408238477145_1441527355931891,#不畏危險勇敢保護大家就是我們的職責所在,20170816,102,0,1

549408238477145_1441492665935360,【三民二分局106年暑期青春專案-預防犯罪宣導📣】,20170816,24,0,0

549408238477145_1441434332607860,"【詐騙逼真假冒檢警行騙 婦奔派出所查明險遭詐】",20170816,122,2,0

549408238477145_1440512752700018,"🚩愛與鐵血2️⃣0️⃣(61)警急救援...🔥🔥#只要能救一條命_警察再累都值得
#鹽埕分局
傳送門🚪https://goo.gl/hUVbBe",20170815,107,2,2

549408238477145_1440447672706526,"【🚨肇事棄車 細心警逮毒品通緝犯】
#87分不能再高8️⃣7️⃣
#栽在回程拿手機📱",20170815,57,6,1

549408238477145_1439634809454479,"【暑期打工淪車手，上門逮人父母驚 警上門逮人】💸💸
#監管帳戶就是詐騙⚠️
#暑假打工家長務必多注意工作內容💡🔎鼎金派出所於日前接獲報案，表示接獲假警察佯騙其涉嫌擄人勒贖案件，必須將存摺、提款卡及家中所有黃金等物品交付監管，被害人怕因此涉訟，故依歹徒指示將上述財物置放於指定地點後離去。事後，被害人驚覺遭詐返回置物地點卻發現財物已遭歹徒取走，立即報警。
🔍員警據報立即啟動專案人員調查，沿線查訪並調閱資料分析，並抽絲剝繭分析案情，鎖定著黑色上衣、黑色長褲之年輕男子，遂依法申請搜索、拘票北上逮人。
🔍時值週休二日清晨，連嫌父親見警方上門逮人一臉錯愕，直呼「我兒子怎麼可能是詐騙車手?」。詢據連嫌坦承犯案，全案依詐欺罪嫌依法逮捕究辦。🔎經查嫌犯係因近日將入大學就讀欲購買機車代步，因友人牽線、慫恿而淪為詐欺車手。上月晚間趁父母熟睡時，受詐欺集團遙控連夜南下高雄詐取被害人存摺及提款卡等，被害人共計損失約新台幣21萬元，而連姓車手僅從中分得新台幣3000元贓款。
🔍警方上門連嫌仍裝傻否認犯行，直到警方出示其犯案證據方俯首認罪，一旁的父母訝異兒子自高職畢業後，曾告知暑假期間要外出打工，每日生活作息正常，未見任何異樣。原以為是正當職業，沒想到竟是參與詐騙集團的犯罪行為。不斷大罵:「你怎麼這麼傻!」』
📣📣📣📣
所長黃慶煌呼籲：遇到假檢警佯稱要監管帳戶就是詐騙!檢警機關不可能向民眾直接索討存摺、提款卡、現金等財物，更不可能要求監管帳戶。另外提醒家長，若家中小孩暑期打工也要特別留意工作的地點及內容，可透過視訊電話的方式即時確認孩子所在的地方是否為正當場所，確實掌握孩子行蹤，以防止孩子誤蹈法網。",20170814,38,5,0

549408238477145_1439502079467752,"🚦【交通違規申訴應先審慎 否則容易因小失大】🚘
#無厘頭申訴案📃
#交通安全需靠你我🙋🏻‍♂️👮🏻‍♀️🙋🏻",20170814,45,9,0

549408238477145_1432490570168903,"【三民二重護老 首創贈反光手環增加辨識度👮🏻👵🏻👴🏻👮🏻‍♀️】
🚔🚓🚔🚓
#護老專案勤務
🙋🏻‍♂️🙋🏻✨✨✨
#可多參與宣導活動均會發贈反光手環喲",20170807,86,20,1

549408238477145_1429526237132003,"🚩愛與鐵血2.0 6️⃣0️⃣
▶️暑期強檔加映「驚城四寶琅琊榜」!!
#處理哥單挑哥林北哥飄移哥
#京城四少講究的是顏值
#驚城四寶尬的是酒測值
⛩傳送門 https://goo.gl/tRQrUz",20170804,59,5,1

549408238477145_1429488993802394,"【陽明所效率十足 幫助老翁找回救命藥袋】
#陽明暖警
#效率十足",20170804,122,0,2

549408238477145_1427520740665886,【三民二分局106年暑期青春專案-預防犯罪宣導📣】,20170802,25,0,0

549408238477145_1425032420914718,"🚩【強風吹大樓帆布鬆脫 覺民警冒雨協助交管 避免意外】
#請捆緊易鬆脫掉落物⚠️⚠️
#多一分注意以保障生命財產安全
本(30)日下午覺民所轄內一處大樓，頂樓外牆大型廣告帆布遭颱風吹動鬆脫飄揚，本分局偕同工務局於晚間19時調動大型升降設備至現場拆除帆布廣告，本分局覺民所員警冒雨協助路段交管疏導，幸於19時25分許，帆布拆除完成未釀災害。",20170730,92,1,0

549408238477145_1424788087605818,"【颱風天老嫗失蹤 警超級任務6小時尋獲】👵🏻♥️👮🏻‍♀️
#民族警6小時尋獲⌚️
#週末颱風天請注意自身安全🌀",20170730,251,2,3

549408238477145_1423077091110251,"🌀【尼莎颱風】逼近🌀提醒您⚠️📌颱風位置📌
花蓮外海東南方450公里處
🚀颱風速度🚀
每小時17公里往西北
🕑颱風影響時間🕓
週六週日兩天須提前做好防颱措施#低窪地區備妥沙包嚴防豪雨淹
#避免進入山區或冒雨出遊
#緊急需協助請撥打110",20170728,53,0,1

549408238477145_1422786734472620,"【三民二分局106年暑期青春專案-預防犯罪宣導📣】
🔅7/20 上午9時，本轄統一超商新本館門市值班經理，見吳姓民眾手持行動電話走向ATM提款機，神色慌張，疑遭詐騙，旋即拖延並通報本分局鼎山所同仁前往處理，所幸順利攔阻詐騙，吳姓民眾恍然大悟驚覺詐騙，成功攔阻6萬積蓄遭詐，差點被歹徒得手，對承辦員警表示感謝之意。
🔅本分局分局長朱宗泰特率幹部前往彰統一超商新本館門市致頒感謝狀，並呼籲本分局已與轄內銀行、超商，建立通報機制，共同打擊詐騙。
👁👁👁
詐欺集團車大多利用未成年為車手。
👥👥👥
監護人需負連帶賠償責任，請一定要多多關心家中年輕人打工的工作性質。
🔥🔥🔥
切勿貪圖輕鬆、獲利簡單等工作，避免落入陷阱，而遭詐騙集團利用。",20170728,171,8,5

549408238477145_1421956137889013,"🚩「愛與鐵血2.0(59)」想搭訕警察也要守法ㄚ..🙄#包青天鐵面無私⚠️
#保安大隊🚔🚔",20170727,66,7,0

549408238477145_1420790558005571,"【翁騎車遭撞摔斷腿 外號「柯南」警揪出元兇】
#調閱畫面還原事實📽
#車禍肇事請勿離開現場🚨🚑",20170726,58,1,1

549408238477145_1420095108075116,"☀️【106年暑期青春專案-預防犯罪宣導】
#反毒拒暴力防詐要小心",20170725,28,0,0

549408238477145_1420094844741809,"☀️【106年暑期青春專案-預防犯罪宣導】
#反毒拒暴力防詐要小心",20170725,33,0,0

549408238477145_1419982554753038,"#我們提供愛心手環申請服務📿
#多一分留心少一分擔心🎀",20170725,115,2,1

549408238477145_1419691294782164,"☀️【106年暑期青春專案-預防犯罪宣導】
#反毒拒暴力防詐要小心",20170725,23,0,0

549408238477145_1419691044782189,"☀️【106年暑期青春專案-預防犯罪宣導】
#反毒拒暴力防詐要小心",20170725,14,0,0

549408238477145_1419640684787225,"準老師趕赴教甄前車禍 暖警開道載往現場並祝福👨‍🏫➕👮🏻‍♀️#暖警警車載送助赴考
#剩15分鐘就考了
🎈本分局民族所警員孫偉哲於處理車禍時，一位駕駛本欲趕往教師甄試現場，懇託警方是否能盡速協助處理，期能及時前往現場，警員孫偉哲聽聞後，決定以警車熱心地載送，好讓他準時順利抵達試場，避免失去考試機會。
🎈蘇姓男子向警員表示因為這是最後一關，決定著這些年的努力及造福桃李的杏壇夢想，所以他格外顯得緊張擔憂，深怕來不及到達現場，幸好警員提供滿滿的協助。警員孫偉哲表示自己的親人也是老師，十分了解這段過程的辛苦，且不斷鼓勵考生以平常心、不要緊張。
🎈民族所所長表示，因情況特殊緊急，員警秉持視民如親的態度積極處理協助，祝福準老師順利成為春風化雨的老師後，能教導未來的主人翁們要做善事，不吝於給予他人協助，讓這份情傳下去。",20170725,106,3,3

549408238477145_1418900401527920,"☀️【106年暑期青春專案-預防犯罪宣導】
#暑假犯罪集團易吸收未成年少年當車手💰
#請多關心孩子打工環境及內容🛍
#三民第二分局關心您👌
👮🏻‍♀️👮🏻‍♀️
日前彰化銀行建興分行4位經理及專員見林姓民眾欲提領鉅款，違反常理，極有可能遭詐騙，即時通報本分局，經本分局派遣陽明所前往處理，順利攔阻詐騙，而民眾240萬積蓄差點被歹徒得手，對承辦員警表示感謝之意。🏅🏅🏅
本分局分局長朱宗泰特率幹部前往彰化銀行建興分行致頒感謝狀，並呼籲:本分局已與轄內銀行、超商，建立通報機制，共同打擊詐騙。📣📣提醒您詐欺集團車大多利用未成年為車手，監護人需負連帶賠償責任，請一定要多多關心家中年輕人打工的工作性質，切勿貪圖輕鬆、獲利簡單等工作，避免落入陷阱，而遭詐騙集團利用。",20170724,203,51,4

549408238477145_1418768478207779,"🚩【笨賊竊車路排徊 警巧遇逮捕】
#15分鐘速破案🕑
#車主在你後面他很火🔥",20170724,84,6,1

549408238477145_1416552125096081,"🚩本分局於7月21日下午15時，在1大禮堂舉辦【7月份聯合勤教暨壽星慶生會】，會中分局長朱宗泰、警友會主任陳豐進特別蒞臨現場為同仁打氣，鼓勵，並表揚勤、業務績優人員、好人好事事蹟同仁。接著，現場同仁齊為壽星們拍手唱生日快樂歌，並由壽星代表民族所張所長許願、吹蠟燭及切蛋糕。
🚩分局長朱宗泰表示，大家齊聚一堂就是緣分，祝福7月壽星們「生日快樂、身體健康、工作順利、家庭和樂！」。",20170722,94,2,0

549408238477145_1415847758499851,"🚩【警拔槍嚇阻女毒衝撞 女實習生👩🏻‍✈️現學現賣眼尖起獲毒品💊立大功】
#暑假實習生生活🗓
#切勿挑戰公權力🚨
#員警受過嚴格訓練⚖️
☀️【106年暑期青春專案-預防犯罪宣導】
#反毒拒暴力防詐勿小心",20170721,114,6,3

549408238477145_1415697195181574,"【6案毒品通緝犯載女出遊，車上直接安裝吸食器，被逮才知雙方竟是毒道友】
#藏毒還要警溫柔
#毒品危害一生切勿嘗試
本分局鼎金派出所巡邏員警於106年07月18日晚間，在高雄市三民區鼎新路與天祥一路口，攔停可疑車輛實施盤查，查獲毒品黃姓通緝犯(75年次、有多項毒品前科)，並在車內起獲安非他命2包含袋毛重共12.76公克及裝置在車內的毒品吸食器，黃姓嫌犯坦承上述證物皆為其所有，另其附載巖姓女子(76年次、無前科)亦對承辦員警坦承曾吸食第三級毒品K他命，並經二人同意採集尿液送驗，全案依違反毒品危害防制條例及毒品通緝罪嫌將黃嫌移送法辦。
☀️【106年暑期青春專案-預防犯罪宣導】
#反毒拒暴力防詐勿小心",20170721,90,6,0

549408238477145_1414721415279152,"☀️【106年暑期青春專案-預防犯罪宣導】
#反毒拒暴力防詐勿小心",20170720,30,0,0

549408238477145_1413403702077590,"☀️【106年暑期青春專案-預防犯罪宣導】
#反毒拒暴力防詐勿小心",20170719,35,0,0

549408238477145_1412736918810935,"【行動不便輪椅伯體力不支困路中 警熱心護航】
#覺民所
#人民褓母",20170718,82,1,0

549408238477145_1411710435580250,"【破曉時分機車顧路 鼎金警現蹤救援】🚨
#鼎金所
#晨曦暖警🏜",20170717,93,3,0

549408238477145_1411342778950349,"民族女警展現流利英文，豔陽下幫美籍男尋獲車輛！🚗
#關鍵字為高資費車格
#抽絲剝繭耐心尋獲",20170717,270,12,2

549408238477145_1409404905810803,"【行動不便輪椅伯體力不支困路中 警熱心護航】
🎈本分局覺民路派出所11日晚間22時許接獲民眾報案，在九如高速便道東側路中央有名老人行動不便乘坐輪椅疑似失智迷途。巡邏警組巡佐陳登盛與警員蘇峰億到場後發現老人無助呆坐輪椅眼見穿流不息的車輛呼嘯而過，情況險象寰生！
🎈員警先將老翁移動至安全處，幾經熱切詢問，老人均答非所問，所幸透過人臉辨識系統順利確認許姓老伯身分(37年次)，巡佐陳登盛憑藉從警多年經驗推估，許姓老伯獨自乘坐輪椅外出判斷應係附近居民，又因老伯設籍台北推估非高雄人，直覺走訪九如路上一家養護之家，恰逢該養護之家工作人員正準備外出尋找許姓老伯。
🎈該養護之家人員表示，許姓老伯喜性獨自乘坐輪椅外出於附近散心，是日久候老伯未歸趕緊出動尋人，巧遇波麗士大人熱心服務平安護航，感謝人民褓姆神般走訪！",20170715,89,4,3

549408238477145_1408169912600969,"【本分局鼎金派出所辦卸、新任志工分隊長交接餐會】🎉🎉
🔆本分局於本月10日晚間，舉辦所屬鼎金派出所「卸、新任志工分隊長交接典禮暨餐敘聯誼活動」，分局長朱宗泰特別於會中頒發感謝狀，表揚卸任分隊長王麗嬌女士擔任該分局鼎金派出所志工分隊長4年任內，鼎力協助推動警察志工為民服務工作，熱心公益，對維護社會治安著有貢獻；另新任分隊長張阿綿，也曾擔任志工分隊長，熱心參與社福團體，並主動積極參予協助警察為民服務工作。
🔆志工大隊長巫育靜及各志工分隊等幹部到場祝福，感謝卸任志工幹部多年來之辛勞及協助警察推動為民服務工作，另提供美食佳餚讓現場嘉賓及志工夥伴享用，以增進警民之間的互動與凝聚向心力。",20170714,46,1,2

549408238477145_1407893042628656,"愛與鐵血2.0(57)打警察聽過最瞎理由---我..我..我沒注意....#學長被打依然冷靜執行公務，這修養小編自嘆不如..
#鼓山分局龍華所",20170714,66,3,0

549408238477145_1404644432953517,"【失智婦人外出尋子迷路，警方挨家挨戶帶其回家】
⭕️本分局鼎金派出所日前接獲報案，在金山路與鼎新路口有名老婦人，似迷失方向，請求協助。
⭕️巡邏員警立刻趕往，到場時黃姓老婦人就坐在金山路某號前騎樓，員警耐心溫柔地詢問老婦人住處，要去哪裡？老婦人因失智話說不清楚，只說她住附近，要出來找她兒子。由於在老婦身上找不到任何的身分證件。
⭕️窮無方法之際，員警只能耐心地在附近一間一間查訪，看有沒有人認識這名老婦人，慶幸的是，詢問幾間民宅之後，在附近詢問到老婦人的丈夫，他表示其兒子目前在外工作，所以老婦人才會想跑出去找兒子，跟丈夫確認身分後，警方就與老婦人的丈夫一起帶老婦人返回住家。
⭕️本分局呼籲，家中如有失智老人，應避免其獨自外出，平常應多注意其動向，也可在隨身的衣物繡上姓名、連絡電話等資料，或配戴辨識的項鍊、手環，以防走失時，能立即提供相關單位辨識，進而盡速聯絡家屬帶回。",20170711,83,2,5

549408238477145_1400301330054494,"三民二分局『暑期學生志工體驗營活動』開跑囉！#防治組🎈🎈
#暑期志工服務體驗👮🏻‍♀️👮🏻‍♀️
⭕️本分局為提供本市青少年於暑假期間規劃暑期生活及體驗志願服務之機會，於7月3日上午假分局禮堂，辦理『暑期學生志工體驗營』活動，並結合「暑期保護青少年－青春專案」宣導「反霸凌、反幫派、反吸毒、反暴力、反援交」預防犯罪宣導活動；本期參加人員共計50名，該分局精心安排之體驗課程及內容精彩多元化，除分局簡介、教導簡易防身術、防治性騷擾概念外，學員十分好奇展示的警察裝備，穿戴著手槍、步槍、防彈盾牌、防彈衣等全副武裝照相留念，最後在各派出所志工熱心引導下，學生親身體驗志工服務運作方式、受理民眾報案之流程等動態相關為民服務工作。
⭕️第一期志工體驗服務期程自106年7月3日起至07月31日止，學員分至所轄覺民、民族、鼎山、陽明、鼎金等五個派出所，協助民眾洽公或報案之接待、遞杯水、照護迷童、失智老人等服務事宜，經訓練課程及體驗服務後，將發給志願服務證書。
⭕️分局長朱宗泰表示：該分局秉持教學服務之精神，目的是讓青少年及家長透過此次警察志工體驗營的參與，更瞭解警察工作之內容與辛勞，以提昇民眾對警察工作的支持及認同感，增進行政效能。
☀️【106年暑期青春專案-預防犯罪宣導】#反毒拒暴力防詐要小心",20170707,50,1,2

549408238477145_1398195870265040,"【素昧平生洋富帥借錢 熟女險遭騙外幣鉅款】
#高富帥經營鑽油事業週轉借錢
#以上手法攏系假A
#請小心類似手法以免情財兩失
☀️【106年暑期青春專案-預防犯罪宣導】
#反毒拒暴力防詐要小心",20170705,68,2,0

549408238477145_1397654493652511,"⚜️106年6月30日本分局民族派出所獲報，表示銀行外匯櫃台有民眾欲匯款美金40000元(依當日匯率換算約新台幣123萬元)至大陸帳戶，金額異常，直覺係遭人詐騙，員警立即趕赴現場處理。
⚜️經與匯款民眾溝通，確認對方係詐騙集團，騙取感情，並舉案例向被害人說明，渠才恍然大悟，打消匯款念頭，成功攔阻詐騙，金額達美金40000元。
⚜️銀行機警發現並協助撥打代理人電話發現也是空號，判斷係詐騙集團手法，本分局同仁與民眾懇談說明後，始打消匯款念頭，並勸告交友應謹慎，對方身分不明，帳戶資料亦有異，當心傷財又傷心。民眾除對員警及銀行行員表示感謝萬分。
⚜️分局長朱宗泰率同分局幹部前往協助阻詐銀行頒贈感謝狀及獎勵金，表揚陳姓行員義行。並呼籲轄區警方與金融機構、超商平時就保持密切聯繫，如行員或店員發現疑似詐騙情形都會立刻通報，本分局也會即時派員赴現場處理，呼籲民眾發現可疑，立即撥打110報案。
☀️【106年暑期青春專案-預防犯罪宣導】
#反毒拒暴力防詐要小心",20170704,114,3,4

549408238477145_1397227213695239,"【酒駕遇警心虛逃竄 遭警攔阻束手就擒】
#鼎金所
#喝酒開車又逃竄最壞示範",20170704,73,1,0

549408238477145_1392793404138620,"愛與鐵血2.0(55)
學長你都流血了，還笑得出來...
#Siri也可以幫警方破案
#小編看完眼睛就迷濛了
#保大特勤中隊",20170630,72,1,2

549408238477145_1391523960932231,"【竊取廢棄電線，不巧遇上台電員工，報警逮人】
#覺民所
#竊盜未遂犯",20170629,80,5,0

549408238477145_1389518037799490,"🍱【分局長來午餐】🍴
⚜️本分局分局長一向重視基層同仁心聲，為傾聽意見與看法，建立雙向溝通管道，激勵士氣，建構友善的工作環境，本分局分局長朱宗泰陸續規劃前往各派出所，與同仁輕鬆且愉快地一同共進午餐。
⚜️106年6月27日(禮拜二)中午時分，分局長朱宗泰來到民族路派出所與同仁、志工大姊與警大實習生共進午餐及話家常，言談中傾聽同仁的心聲與意見，分局長除一一解答員警所提出的問題外，並感謝民族所同仁認真地為治安付出，分局長親切地與同仁共進午餐，大家如同家人ㄧ般，更拉近了彼此的距離。",20170627,178,14,4

549408238477145_1388343097916984,"【酒駕遭逮苦哀求，藉口氣喘發作要求輕判】
#酒駕醉不該
✔️本分局交通分隊於日前傍晚17時40分許執行巡邏勤務，見某男騎乘機車於本館路快車道逆向行駛，遂將其攔下盤查，員警發現該民酒氣濃厚，立即要求其接受酒測，其酒測值達每公升0.25毫克，依法告知權利將其逮捕。
✔️莊男見事態嚴重，立即向警方表示身體不適，表示自己氣喘發作，央求警方放他一馬，需要馬上就醫。現場同仁不敢大意，聯絡救護車將莊男送醫，莊嫌於救護車上竟還詢問同仁：「氣喘發作能不能判輕一點。」。經醫生診斷後表示莊嫌身體無大礙，全案依公共危險罪移送地檢署偵辦。
✔️經詢莊嫌坦承於當日上午於工地飲用兩瓶保力達，同時表示身體不適邀求警方放他一馬，然警方執法立場堅定，依法對其實施酒測，經測定結果酒測值達0.25MG/L，依法將其逮捕，此時莊男突然聲稱氣喘發作呼吸困難，警方立即叫救護車協助送榮總醫院處置，但於送醫途中莊男還能在氣喘發作同時使用line(通訊軟體)跟友人聊天，還向員警詢問氣喘發作是否能輕罰。同仁雖覺得莊男可能裝病欲規避執法，但仍依流程處理送醫治療。入院後各項檢查狀況正常，莊男又大力喘了好幾口氣並向醫護人員表示呼吸更加困難。醫生告知需辦理住院手續繼續觀察，莊嫌見需留院觀察，立刻表示身體狀況已好轉，簽下自願同意出院書隨承辦員警返隊偵詢。處理員警見此狀況實在是感到無奈。
⭕️⭕️分隊長董志衫呼籲民眾可依「指定駕駛」、「搭乘計程車返家」等措施安全返家，亦請餐飲業者提供飲酒顧客必要之交通服務(如代叫計程車)，以維護交通行車安全。",20170626,42,1,0

549408238477145_1385023874915573,"【衰老闆雇無情工 菜鳥警戳破毒蟲謊言坦承持毒】
#鼎金所
#毒害一生請遠離毒品
☀️【106年暑期青春專案-預防犯罪宣導】
#反毒拒暴力防詐要小心",20170623,143,8,1

549408238477145_1381346185283342,"【106年防制毒品宣誓暨青春專案反毒座談會】
因應毒品危害防制條例修正，106年6月19日下午14時本分局邀集轄內旅宿業、娛樂場所等業者代表，由分局長朱宗泰主持，召開防制毒品宣誓暨青春專案會議，會中除提報協請業者配合事項及意見交換外，並簽署反毒宣言，展現反毒決心，期以透過結合青少年易涉足場所與警政單位之緊密聯繫，強化防制能量。",20170619,101,3,1

549408238477145_1381199078631386,"【三民第二分局辦理守望相助隊常年訓練快樂學習 表揚績優社區服務人員】✨✨✨✨✨✨✨✨✨✨✨✨
✔️警察負責維護社會治安責任，各里多成立有守望相助隊，本著「敦親睦鄰，守望相助」的精神，無論晴雨天，也默默守護著社區安全。高雄市政府警察局三民第二分局日前下午，在三民區明哲路上的福氣教會協助下，舉辦了「106年上半年守望相助隊常年訓練」，以及各里間的治安座談會，編排了執勤人員協勤要領、防身術、心靈成長、消防安全及反詐騙、毒品犯罪等課程宣導，讓平日忙於工作，閒暇時忙於社區守望的隊員們，吸收更多的成長知識。
✔️現場邀請高雄精神健康基金會蔡順安副會長演講「動動腦精神健康，手拉手關懷鄰里」講座，希望里民們過著快樂有意義的生活，讓自己的「阿搭嗎」充滿正向能量。台灣生命防護宣教協會王昱森講師則講述火場逃生術，幽默逗趣的演講方式，讓課堂上學員笑聲不斷、又學會了逃生技巧。少年警察隊的吳尚榮偵查佐以淺顯的方式與學員聊談新興毒品犯罪與社區治安的連動關係，讓大家更瞭解在社區巡守時能協助發覺藏於死角的毒品危害。
✔️本次訓練參訓學員約150名，到場巡守隊長也即是里長就有25名，報名踴躍，課程中學員與授課講師互動熱絡，氣氛良好；其中正順里、本上里、寶民里、寶玉里、愛心社區、鼎西里、灣勝里等巡守隊提供巡守裝備及協勤成果，分局利用中場休息時間辦理下午茶會，讓大家一邊享用點心，一邊相互交流、觀摩學習各里巡守隊所展示的成果，下課後學員們紛紛表示課程精彩，辦理方式也不同以往，十分有趣、也十分充實。
✔️分局長朱宗泰利用最後的治安座談會表揚安寧里、安吉里、正興里、寶安里、本上里、寶珠里、寶興里等10名績優巡守人員協助破獲刑案、護送失智長者返家及自殺救護等績優事蹟，致頒感謝狀，感謝大家為社區的付出與貢獻，並與各里里長針對轄內事務意見交流，訓練活動在互動和諧之氛圍下圓滿結束。",20170619,66,0,0

549408238477145_1379097852174842,請注意豪大雨天氣資訊⛈⛈☔️☔️,20170617,57,3,0

549408238477145_1377191275698833,"🚩愛與鐵血2.0（52）❌檢舉警員、黑鍋店長、天使員工…...
⭕️這就是我們社會最需要的一份善良#員警打死不退
#詐騙集團劇本大揭密
#三民二分局民族所☀️【106年暑期青春專案-預防犯罪宣導】
#反毒拒暴力防詐要小心",20170615,145,25,5

549408238477145_1377171329034161,"＃逮捕竊盜通緝犯
＃神情慌張",20170615,83,0,0

549408238477145_1377066009044693,🇹🇼🇹🇼🇹🇼,20170615,77,0,0

549408238477145_1376471445770816,"【國道施工道路封閉】🚘🚖🚘🚖
往來大高雄的鄉親朋友注意囉，為辦理配合「國道1號八德二路穿越橋新建工程」，今天（6/14）起至禮拜五（6/16），晚上十點至早上六點，鼎金交流道至楠梓交流道將進行道路封閉，請各位鄉親朋友記得轉替代道路通行，以免誤上施工路段。
-------------------
《鼎金交流道至楠梓交流道 》
●日期：6/14(三)-6/16(五)22:00-06:00
●內容：封閉北上路段全車道，禁止車輛通行。",20170614,23,0,0

549408238477145_1375903322494295,"愛與鐵血2.0(52)
「愛與鐵血」主題曲MV，呈獻給您...
@無論黑夜或白天，你們的平安我們扛上肩@6/15警察節前夕，以〈愛與鐵血〉同名歌曲
獻給27萬多名粉絲及所有辛苦的警察同仁，
因為你們選擇與警察站一起，
而警察也會永遠和你們站在一起，
祝福大家，警察節快樂 !#高雄市政府警察局
#後座力樂團 Backpower
https://goo.gl/VJddeU",20170614,68,0,0

549408238477145_1375901752494452,"【老翁外出趴趴走迷失方向 熱心陽明警帶其返家】
＃陽明所
＃熱心護送返家
✨陽明派出所員警於日前巡邏時，接獲轄內一間診所指稱有位迷途老人在其所內，老先生坐計程車來這邊，說要看醫生，但身上沒有任何證件，員警試圖在老翁身上找尋蛛絲馬跡，終於在口袋內發現一包藥袋寫著老翁姓名，猜想應該就是老先生名字，因該老翁行動不便，又拄著拐杖，陽明所員警先行將老先生帶返所休息、查詢。
✨回所後，以電腦查出該名老先生姓蔡(15年次)，原來住在新興區，陽明所員警熱心地以巡邏車護送老翁回家，一到住處，熱心的鄰居馬上告素員警老翁住址，原來老翁雖然年事已高，卻常常自己外出，不過這次記錯了看病的位置跑錯方向，在場員警除諄諄叮嚀老先生家屬下次要小心留意之外，也告訴陳老先生：『下次忘記回家的路，一定要跟警察說喔』。
✨事後老翁及其家屬對於員警的熱心與專業感到相當敬佩，陽明警秉持著同理心、視其為己的精神，有困難不分你我，立即協助，也深受在場路人對警方豎起大拇指。",20170614,65,0,0

549408238477145_1375220452562582,"【本分局慶祝106年第39屆警察節活動】
☀️【106年暑期青春專案-預防犯罪宣導】
#反毒拒暴力防詐要小心
👮✨✨✨👮✨✨✨⚜本分局為慶祝專屬於警察的節日，慰勉鼓舞同仁士氣，使同仁提前感受警察節氣氛，以期達放鬆、休閒的目的，特規劃於6月13日禮拜二下午14時30分至17時，假本分局10樓大禮堂結合本分局聯合勤教舉辦了一場盛大的警察節活動。
⚜高雄市政府警察局雖於6月10日在高雄中學已舉辦一場警察節慶祝活動，惟因時間因素非多數同仁能響應，本分局分局長朱宗泰特別指示由督察組規劃慶祝活動，好讓多數同仁能夠參與，以凝聚同仁向心力。
⚜現場除邀請三民二警友會辦事處主任陳豐進、副主任陳彥彰一同參與並頒贈績優人員警察獎章、各單位加菜金外，亦安排了許多精彩的表演活動，如樹德家商舞蹈班表演啦啦舞、正興國小台語神童陸奐熹表演台語順口溜、以及本分局各志工分隊熱舞表演等，會中亦準備蛋糕幫本月壽星慶生切蛋糕，活動全程均有精美的西式茶點供現場同仁、來賓享用。
⚜分局長朱宗泰表示，這次警察節活動希望帶給同仁熱鬧、溫馨的享受，以輕鬆愉快的心情共同歡度這個專屬於警察的特別日子。",20170613,142,2,1

549408238477145_1374090062675621,"👍感謝治安好夥伴👍
#攔阻詐騙
✔️感謝華南銀行《大昌分行》許襄理、行員謝小姐，於6/9中午12時許在行內工作時，發現有一名黃姓民眾疑似正遭詐騙欲提領現金新台幣110萬，旋即拖延該民眾並陳報銀行主管，又通報本分局覺民派出所員警到場查證，始讓黃姓民眾恍然大悟、驚覺遭詐，成功攔阻黃民避免新臺幣110萬元的損失。
✔️三民二分局長朱宗泰對許襄理、行員謝小姐熱心協助民眾免遭詐騙，成為警方的治安夥伴，相當振奮，特率偵查隊副隊長、覺民所副所長等人，前往華南銀行大昌分行親送感謝狀！
☀️【106年暑期青春專案-預防犯罪宣導】
#反毒拒暴力防詐要小心",20170612,121,5,5

549408238477145_1374024116015549,"男子喜當爸忘拿包 警通知聯絡送祝福
＃民族所
＃人民保母",20170612,188,3,2

549408238477145_1368717123212915,"愛與鐵血2.0(51)連土地公爺爺你也敢拖下水，就GG了...#別讓福德正神不開心
#你的、我的，到底是誰的?",20170607,63,1,1

549408238477145_1367673169983977,"✔️感謝統一超商《新本館店》店長黃小姐
，於6/5下午17時許在店內工作時，發現有民眾疑似正遭詐騙，旋即通知本分局鼎山派出所員警到場查證，讓吳姓民眾恍然大悟、驚覺遭詐，成功攔阻吳民避免將近新臺幣50萬元的損失。
✔️三民二分局長朱宗泰對黃店長熱心協助民眾免遭詐騙，成為警方的治安夥伴，相當振奮，特率偵查隊長林耕宇、鼎山所長甘文豪等人，前往黃店長服務的超商親送感謝狀！
☀️【106年暑期青春專案-預防犯罪宣導】
#反毒拒暴力防詐要小心",20170606,211,8,6

549408238477145_1367420353342592,"近期有歹徒以來電顯號「165」或「+165」，自稱是165專線人員，稱民眾個資被冒用且涉及刑案，要民眾協助調查並監管財產。
#提醒您~來電顯示「165」或「+165」就是詐騙!!!
☀️【106年暑期青春專案-預防犯罪宣導】
#反毒拒暴力防詐要小心",20170606,44,8,0

549408238477145_1366396420111652,"6/15警察節【空中傳愛💕挽袖捐血】活動💉
＃一袋血一份情🎗
＃捐出您的愛與熱血💉
＃好禮多多記得攜證身分證件唷❗
六月天艷陽高照，一起出門捐出您的愛與熱血吧！本分局義刑中隊、警廣高雄分台與久天實業公司特於警察節當天辦理捐血做愛心活動，當天準備許多精美好禮，期待您與我們一起做愛心，以捐血一袋、救人一命，請大家踴躍參加唷⚜活動時間:106年6月15日(警察節)上午10點至18點⚜活動地點:捷運三民捐血室(捷運後驛站地下一樓2號出口處)⚜活動禮品:寶僑清潔組(250c.c一組/500c.c兩組)🎁⚜注意事項:請攜帶「身分證正本」❗❌❌隱藏好禮:前100名捐血者，有神秘額外好禮唷(鳳梨酥禮盒、電影票券等)🎁",20170605,27,7,0

549408238477145_1361597377258223,"愛與鐵血2.0(50)你可以趕時間，但不要辱罵警察...因為這樣就會很花時間了!!#東西在車內，不問你要問誰??
#鹽埕分局五福四路派出所YouTube連結在這裡🌵https://youtu.be/ky89qVbdiv4",20170601,85,2,4

549408238477145_1361374430613851,提醒大家！這兩天可能出現豪大雨等級的降雨天氣🌧🌩＃出門請攜帶雨具☔＃低窪地區嚴防淹水及注意防災措施⚡,20170601,74,5,0

549408238477145_1355880744496553,"高雄市106年端午節連續假期0527/1000轄區交通狀況：🚘
一、市區重要幹道
(一)中正、中華、中山、建國、九如、五福、博愛、民族、大中路等行車順暢。
(二)五甲三路、德中路、自由三路、五福四路等車多行車順暢。二、重要幹道(一)台1線、台3線、台25線、台29線、台20線、台22線、台28線目前各沿線車速行進順暢。
(二) 台88線五甲系統至大寮交流道車多車速順暢。三、交流道:(一)國道1號:
中正、九如、建國、三多、中山、岡山、楠梓、路竹交流道等車速行進順暢。
(二)國道10號:
左營端至鼎金系統雙向車多車速緩慢、燕巢系統至田寮端車多車速緩慢；仁武、旗山末端等車速行進順暢四、路況資訊網站:
(一) 高雄市交通事故、壅塞及管制即時資訊(TMC)http://demos.kmph.gov.tw/(S(p4cgfsa5z51u1gd0b5sfhjxw))/TmcQuery_Web.aspx
(二)高雄市即時交通網 http://traffic.kctmc.nat.gov.tw/",20170527,40,0,0

549408238477145_1354273354657292,"【三民二分局社區治安座談會議-局長與市民有約】🏠#花絮影片🎬
#銘謝各位大家的參加協助支持🎉",20170525,75,0,1

549408238477145_1353533138064647,「局長與市民有約」社區治安座談會,20170524,120,8,2

549408238477145_1353439981407296,「局長與市民有約」社區治安座談會,20170524,138,5,5

549408238477145_1353407954743832,「局長與市民有約」社區治安座談會,20170524,121,3,3

549408238477145_1353264848091476,"【著急母親莫緊張，民族警與超商配合成功阻詐】
本分局民族所日前接獲轄區內超商來電，店員表示一名黃姓婦人欲購買上萬元的遊戲點數，顯與常理不符，但進一步詢問婦人購買點數用途時，婦人神情卻顯得相當緊張，顯可疑為詐欺集團所騙，故立即勸阻婦人，同時通報轄區派出所。線上巡邏警組接獲報案後立即趕赴現場，成功攔阻詐騙金額2萬5千元。市民如遇到此類疑似假綁票真詐騙的詐騙電話，先要冷靜求證，並向警方尋求協助。分局長朱宗泰率同分局幹部前往統一超商頒贈感謝狀及獎勵金，表揚劉姓店員義行。並呼籲：轄區警方與金融機構、超商平時就保持密切聯繫，如行員或店員發現疑似詐騙情形都會立刻通報，本分局也會即時派員赴現場處理，呼籲民眾發現可疑，立即撥打110報案專線或165防詐騙專線，全民共同打擊詐騙。",20170524,92,0,0

549408238477145_1353196014765026,"【警匪體力大車拚匪累趴警勝一籌 偷遍高雄電纜線自己工地也淪陷】
＃專偷電纜線🔧
＃鬥智鬥法鬥體力🏃
＃邪終不勝正⚔
✔️本分局鼎金所日前獲報於轄內民族一路某閒置廠房遭竊大量電纜，遂立即展開偵辦，經過濾、分析比對資料發現，許姓竊嫌係騎乘機車行竊。渠均四處尋找無人管理之廠房、工地等下手犯案。若屋內得手之電纜數量龐大時，竟還駕駛老婆名下的汽車行竊及運贓，銷贓牟利。俟專案人員查出許嫌生活慣性及作案手法，持法院所核發搜索票，於23日上午8時許，許嫌再度行竊時當場予以逮捕，查獲大量已剝皮電纜銅線及第二級毒品安非他命等證物，人贓俱獲，全案依法偵辦。
✔️分局長朱宗泰呼籲：民生竊盜案件通常造成民眾損失慘重。尤其是夏季用電尖峰期若將造成民眾生活極大不便，且重新接線復電過程繁複，民眾損失重大並且生活不便。並責成鼎金所長黃慶煌率員立即偵破本案將犯嫌得以繩之以法，減少被害人損失，民眾也表示感謝之意。",20170524,100,5,0

549408238477145_1352349631516331,"＃高雄地檢檢察長
＃緝毒工作💪😇
✔️臺灣高雄地方法院檢察署周檢察長彰欽於106年5月22日上午9時30分親率曾主任靖雅及三位緝毒專責檢察官，與本分局偵查隊、鼎金派出所等第一線緝毒同仁，共同討論毒品查緝工作，並指導緝毒技巧透要領。警察局由宋副局長孔慨及陳副大隊長柏璋共同與會討論，會中檢察長請檢察官們要清楚知道警方在緝毒工作上的需求，務必在查緝工作上做警察查緝有力的後盾。
✔️會後檢察長在會又率同檢察官們，檢視鼎金派出所查獲毒犯之贓證物。檢察長在場極為肯定派出所執行查緝毒品上的成果及努力，也期許在朱分局長的帶領下能更順遂落實查緝毒品工作。",20170523,90,2,0

549408238477145_1352346611516633,"自由時報【刑事局解密 秒懂「盜用LINE」是怎麼回事】",20170523,53,6,0

549408238477145_1351507888267172,"【重量級的社區治安會議】是哪神秘嘉賓將出席禮拜三的盛會呢？
19點00分，我們準時直播，開啟解答之門 。＃快來一同共襄盛舉",20170522,46,6,0

549408238477145_1351375281613766,"🎉【粽香飄香 三民二分局慶端午】🎉
＃預祝大家端午佳節愉快🍽
✔️106年度端午佳節來臨， 因此在端午佳節前夕，高雄市警察之友會三民第二辦事處副主任陳彥彰為感謝三民第二分局所有辛勞的員警弟兄們，特別於今(22)日替分局餐廳午餐加菜，除了準備應節的美味肉粽子供同仁享用外，還有炸雞腿、肉包、水果等，提前讓同仁們感受過節氣氛。
✔️陣陣粽香迎面而來，分局餐廳內早已是人潮滿座，陳副主任在餐廳內以微笑迎接各位同仁，並熱絡招呼大夥「吃肉粽」，朱分局長敬邀本棟駐地之少年隊、少輔會同仁，並率及各組室主管及分局同仁趁此佳節齊聚一堂共享午餐，頓時餐廳內和樂融融，好不熱鬧！",20170522,93,2,0

549408238477145_1350628145021813,"【越南男子在臺滯留十多年 警方溫情喊話終招認】
＃為愛非法滯留１３年
＃警方溫情喊話勸循合法途徑
✔️本分局日前針對轄內治安疑慮場所執行擴大臨檢，於某KTV一樓包廂，發現有對外籍男女在包廂內歡唱、神色自若，當警方盤查時，其中阮姓女子合法居留，另名外籍男子則自稱「李文東」，以標準的中文口音說明自己是越南華僑，已來臺數年，護照及身分證放在臺北父親家，卻因家庭因素無法跟爸取得聯繫，從頭到尾講得頭頭是道，卻不知臺灣波麗士可沒這麼容易被唬嚨。
✔️由於華僑身分是需依法申請「華僑身分證明書」或辦理護照加簽僑居身分，但該男子對此流程似乎渾然不知，加上華僑來臺需向移民署申請停居留，自然是不可能出現該男子所稱「在臺灣住了數年卻從未提出申請」的情形。
✔️男子見謊言被警方識破，即改採緘默拖延戰術，警方當機立斷將他帶往移民署按指紋比對身分，卻查無結果，警方推測應是來臺時間較早，入境時機場尚未建置指紋特徵系統，正當警方苦無對策之際，察覺阮女始終與該男形影不離，耐心詢問下得知阮女嫁來臺灣後與前夫生下2名小孩，因遭受家暴離婚後與該男交往，小孩也已把他視為父親，警方聽聞靈機一動，改走溫情路線，告訴該男若真心為小孩著想，就應早日結束非法滯留的日子，早日回越南等待管制期結束，才有機會再循合法途徑來臺與阮女及小孩相聚。
✔️該男此刻陷入深思，片刻後終開口請阮女拿來護照，坦承名叫阮○，於民國93年即持觀光簽證來臺，結識當時已離婚且獨立撫養小孩的阮女，因為放不下阮女及小孩而選擇非法滯留，在警方的溫情喊話下，終於走回正途，警方將阮男移送移民署專勤隊前，阮女也答應會與小孩一同等候阮男歸來的那天，場面相當感人。
✔️三民二分局分局長朱宗泰表示，執行勤務在盤查外籍人士時，偶爾會遭遇對方以語言不通、未帶證件等理由企圖蒙混過關，加上相關資料缺乏，系統查證較為困難，然而警方執法毋枉毋縱，絕不因此而退縮，違法份子切勿心存一絲僥倖。",20170521,92,0,0

549408238477145_1348801711871123,"【婦人驚慌愛車遭竊，警方急速找回】
＃鼎金所
＃愛車不見勿慌張
＃冷靜思考常有驚喜",20170519,147,9,4

549408238477145_1348741635210464,"#葉俊榮部長、#陳國恩署長 祝所有波麗士～
#端午節快樂！👮👮👮📽 https://www.youtube.com/watch?v=LEDuc-ajya0&feature=youtu.be",20170519,40,1,0

549408238477145_1347742135310414,"【毒蟲闖紅燈避重就輕 最後栽在褲檔裡】
＃鼎金所
＃毒蟲褲底一包",20170518,58,1,0

549408238477145_1346131915471436,"【還好有警察！挨家挨戶替迷途嬤找到回家的路】
＃覺民所💡
＃耐心十足服務熱心💦
✔️覺民派出所值班警員日前接獲民眾報案九如一路565巷口有迷途老人，立刻機警地調派備勤警員林弘明、林培雯前往。✔️警方到場時，卻因為阿嬤口齒不清又有重聽等原因，溝通上只能比手畫腳而遇上了困難，囿於阿嬤身上沒有身分證件，員警只好扮起了「柯南」，憑藉阿嬤模糊的描述，開著車載著阿嬤在轄區「兜風」慢慢拼湊，希望可以換回阿嬤的一絲回憶。
✔️在警員林弘明、林培雯耐心陪伴及詢問下，靠著阿嬤模糊口中喃喃「洽刷、洽刷…」聯想到鳳山區舊地名「赤山」，在赤山一帶，帶著阿嬤挨家挨戶地詢問附近的居民有沒有阿嬤口中描述有著「大廣場、旁邊大樓林立」的地方，才終於找回阿嬤的家。
✔️費時數小時、橫跨兩個行政區、數十公里，阿嬤見到自己熟悉的家，不禁感動的牽著員警的手，直呼：「好險有你們！乾脆做我的乖孫！」",20170516,132,11,10

549408238477145_1345324642218830,各位這幾天要多注意局部大雨出現唷~,20170515,42,0,0

